"Includes Amazon Marketplace, Fulfillment by Amazon (FBA), and Amazon Webstore transactions"
"All amounts in USD, unless specified"
"Definitions:"
"Sales tax collected: Includes sales tax collected from buyers for product sales, shipping, and gift wrap."
"Selling fees: Includes variable closing fees and referral fees."
"Other transaction fees: Includes shipping chargebacks, shipping holdbacks, per-item fees  and sales tax collection fees."
"Other: Includes non-order transaction amounts. For more details, see the ""Type"" and ""Description"" columns for each order ID."
"date/time","settlement id","type","order id","sku","description","quantity","marketplace","account type","fulfillment","order city","order state","order postal","tax collection model","product sales","product sales tax","shipping credits","shipping credits tax","gift wrap credits","giftwrap credits tax","Regulatory Fee","Tax On Regulatory Fee","promotional rebates","promotional rebates tax","marketplace withheld tax","selling fees","fba fees","other transaction fees","other","total"
"Oct 1, 2025 8:55:02 AM PDT","24565092011","Order","113-6503585-0201802","C-axe-02","Full Tang Survival Camping Axe with Wood Ergonomic Handle and Nylon Sheath Sheath - High Carbon Stainless Steel, Multi-Tool for Outdoor, Hunting, Emer","1","amazon.com","Standard Orders","Amazon","LAREDO","TX","78045","MarketplaceFacilitator","29.99","2.42","0","0","0","0","0","0","0","0","-2.42","-4.50","-6.05","0","0","19.44"
"Oct 2, 2025 2:49:23 AM PDT","24565092011","Order","114-1431331-9413035","GB-CA-02-WOLF","Grumpy Bear Camping Hatchet with Wolf Carving, Full Tang Outdoor Axe with Decorative Handle, Durable Forged Blade for Hiking, Bushcraft, and Survival","1","amazon.com","Standard Orders","Amazon","MOORESVILLE","NC","28117","MarketplaceFacilitator","29.99","1.52","2.99","0","0","0","0","0","-10.49","0","-1.52","-3.37","-5.52","0","0","13.60"
"Oct 2, 2025 4:01:54 AM PDT","24565092011","Service Fee","","","Cost of Advertising","","","Standard Orders","","","","","","0","0","0","0","0","0","0","0","0","0","0","0","0","-100.39","0","-100.39"
"Oct 2, 2025 4:41:39 AM PDT","24565092011","Order","111-5353721-0749810","AXE-SH-L","Grumpy Bear Camping Axe 15 Inches with High Carbon Steel, Smooth Blade, Leather-Wrapped Handle, Safety Lanyard - Ideal for Wood Splitting, Hiking, Sur","1","amazon.com","Standard Orders","Amazon","WEST LAFAYETTE","IN","47906","MarketplaceFacilitator","37.99","0","0","0","0","0","0","0","-37.99","0","0","-0.30","-6.05","0","0","-6.35"
"Oct 2, 2025 6:56:15 AM PDT","24565092011","Order","111-4862788-1238625","GB-CA-02-LION","Grumpy Bear Camping Hatchet with Lion Carving, Full Tang Outdoor Axe with Decorative Handle, Durable Forged Blade for Hiking, Bushcraft, and Survival","1","amazon.com","Standard Orders","Amazon","ALPHA","MN","56111","MarketplaceFacilitator","29.99","2.36","0","0","0","0","0","0","0","0","-2.36","-4.50","-5.37","0","0","20.12"
"Oct 2, 2025 3:59:35 PM PDT","24565092011","Refund","114-5519771-5588266","LAA-1","Grumpy Bear Heavy Duty Spike Lawn Aerator - Non-Slip T-Handle, Thick Stainless Steel Tube, Big Foot Plate for Better Root Growth & Water Drainage","1","amazon.com","Standard Orders","Amazon","WELLINGTON","FL","33414","MarketplaceFacilitator","-26.99","-1.51","-2.99","0","0","0","0","0","8.39","0","1.51","2.59","0","0","0","-19.00"
"Oct 3, 2025 12:42:49 AM PDT","24565092011","Order","112-3743082-8749825","GB-CA-02-WOLF","Grumpy Bear Camping Hatchet with Wolf Carving, Full Tang Outdoor Axe with Decorative Handle, Durable Forged Blade for Hiking, Bushcraft, and Survival","1","amazon.com","Standard Orders","Amazon","MIAMI","FL","33149","MarketplaceFacilitator","29.99","2.10","0","0","0","0","0","0","0","0","-2.10","-4.50","-5.52","0","0","19.97"
"Oct 3, 2025 4:20:46 AM PDT","24565092011","Order","113-7896116-6138610","C-axe-01","Full Tang Survival Camping Axe with Wood Ergonomic Handle and Nylon Sheath Sheath - High Carbon Stainless Steel, Multi-Tool for Outdoor, Hunting, Emer","1","amazon.com","Standard Orders","Amazon","LAREDO","TX","78045","MarketplaceFacilitator","29.99","2.47","0","0","0","0","0","0","0","0","-2.47","-4.50","-5.77","0","0","19.72"
"Oct 3, 2025 4:47:36 AM PDT","24565092011","FBA Inventory Fee","114-1751073-2104266","","FBA Removal Order: Disposal Fee","","Amazon.com","Standard Orders","","","","","","0","0","0","0","0","0","0","0","0","0","0","0","0","0","-6.07","-6.07"
"Oct 3, 2025 5:32:57 AM PDT","24565092011","Order","111-1096466-0060245","GB-CA-02-EAGLE","Grumpy Bear Camping Hatchet, Full Tang Outdoor Axe with Decorative Handle, Durable Forged Blade for Hiking, Bushcraft, and Survival (Eagle)","1","amazon.com","Standard Orders","Amazon","IRVINGTON","NJ","07111","MarketplaceFacilitator","29.99","1.49","0","0","0","0","0","0","-7.50","0","-1.49","-3.37","-5.37","0","0","13.75"
"Oct 3, 2025 6:34:03 AM PDT","24565092011","Order","114-5519771-5588266","LAA-1","Grumpy Bear Heavy Duty Spike Lawn Aerator - Non-Slip T-Handle, Thick Stainless Steel Tube, Big Foot Plate for Better Root Growth & Water Drainage","1","amazon.com","Standard Orders","Amazon","WELLINGTON","FL","33414","MarketplaceFacilitator","26.99","1.51","2.99","0","0","0","0","0","-8.39","0","-1.51","-3.24","-8.04","0","0","10.31"
"Oct 3, 2025 8:51:30 AM PDT","24565092011","Order","111-6493924-3360214","AXE-SH-L","Grumpy Bear Camping Axe 15 Inches with High Carbon Steel, Smooth Blade, Leather-Wrapped Handle, Safety Lanyard - Ideal for Wood Splitting, Hiking, Sur","1","amazon.com","Standard Orders","Amazon","NAPLES","FL","34119","MarketplaceFacilitator","37.99","0","0","0","0","0","0","0","-37.99","0","0","-0.30","-6.05","0","0","-6.35"
"Oct 4, 2025 12:03:49 AM PDT","24565092011","Order","112-4751799-7293066","LAA-1","Grumpy Bear Heavy Duty Spike Lawn Aerator - Non-Slip T-Handle, Thick Stainless Steel Tube, Big Foot Plate for Better Root Growth & Water Drainage","1","amazon.com","Standard Orders","Amazon","KALAMAZOO","MI","49009","MarketplaceFacilitator","26.99","1.30","0","0","0","0","0","0","-5.40","0","-1.30","-3.24","-8.04","0","0","10.31"
"Oct 4, 2025 4:49:48 AM PDT","24565092011","Order","114-9611890-1014645","GB-CA-02-TIGER","Grumpy Bear Camping Hatchet with Tiger Carving, Full Tang Outdoor Axe with Decorative Handle, Durable Forged Blade for Hiking, Bushcraft, and Survival","1","amazon.com","Standard Orders","Amazon","HOUSTON","TX","77043","MarketplaceFacilitator","29.99","2.47","2.99","0","0","0","0","0","-2.99","0","-2.47","-4.50","-5.52","0","0","19.97"
"Oct 5, 2025 8:34:21 AM PDT","24565092011","Order","114-1851761-4109041","GB-CA-02-TIGER","Grumpy Bear Camping Hatchet with Tiger Carving, Full Tang Outdoor Axe with Decorative Handle, Durable Forged Blade for Hiking, Bushcraft, and Survival","1","amazon.com","Standard Orders","Amazon","NEBO","NC","28761","MarketplaceFacilitator","29.99","1.52","0","0","0","0","0","0","-7.50","0","-1.52","-3.37","-5.52","0","0","13.60"
"Oct 5, 2025 10:57:09 PM PDT","24565092011","Order","113-0375544-1597808","GB-CA-02-WOLF","Grumpy Bear Camping Hatchet with Wolf Carving, Full Tang Outdoor Axe with Decorative Handle, Durable Forged Blade for Hiking, Bushcraft, and Survival","2","amazon.com","Standard Orders","Amazon","FALL RIVER","MA","02723","MarketplaceFacilitator","59.98","2.82","0","0","0","0","0","0","-15.00","0","-2.82","-6.74","-11.04","0","0","27.20"
"Oct 6, 2025 1:47:59 AM PDT","24673712421","Debt","","","amzn1.cam.v1.sgid.24565092011","","","Standard Orders","","","","","","0","0","0","0","0","0","0","0","0","0","0","0","0","0","360.54","360.54"
"Oct 6, 2025 1:47:59 AM PDT","24673712421","Debt","","","amzn1.cam.v1.sgid.24453351391","","","Standard Orders","","","","","","0","0","0","0","0","0","0","0","0","0","0","0","0","0","3.27","3.27"
"Oct 6, 2025 7:07:13 AM PDT","24673712421","Order","111-3361214-9062623","GB-CA-02-EAGLE","Grumpy Bear Camping Hatchet, Full Tang Outdoor Axe with Decorative Handle, Durable Forged Blade for Hiking, Bushcraft, and Survival (Eagle)","1","amazon.com","Standard Orders","Amazon","HAMILTON","OH","45013","MarketplaceFacilitator","29.99","1.95","0","0","0","0","0","0","0","0","-1.95","-4.50","-5.37","0","0","20.12"
"Oct 6, 2025 6:32:37 PM PDT","24673712421","Adjustment","","H-T-01","FBA Inventory Reimbursement - Lost:Warehouse","1","","Standard Orders","","","","","","0","0","0","0","0","0","0","0","0","0","0","0","0","0","6.89","6.89"
"Oct 7, 2025 5:36:21 AM PDT","24673712421","Order","111-7486252-1295437","GB-CA-02-WOLF","Grumpy Bear Camping Hatchet with Wolf Carving, Full Tang Outdoor Axe with Decorative Handle, Durable Forged Blade for Hiking, Bushcraft, and Survival","1","amazon.com","Standard Orders","Amazon","RATON","NM","87740","MarketplaceFacilitator","29.99","1.86","0","0","0","0","0","0","-7.50","0","-1.86","-3.37","-5.52","0","0","13.60"
"Oct 7, 2025 8:45:24 AM PDT","24673712421","Order","113-3852373-8696269","GB-CA-02-LION","Grumpy Bear Camping Hatchet with Lion Carving, Full Tang Outdoor Axe with Decorative Handle, Durable Forged Blade for Hiking, Bushcraft, and Survival","1","amazon.com","Standard Orders","Amazon","BRATTLEBORO","VT","05301","MarketplaceFacilitator","29.99","2.10","0","0","0","0","0","0","0","0","-2.10","-4.50","-5.37","0","0","20.12"
"Oct 7, 2025 8:46:17 AM PDT","24673712421","Order","113-0907499-0209869","GB-CA-02-WOLF","Grumpy Bear Camping Hatchet with Wolf Carving, Full Tang Outdoor Axe with Decorative Handle, Durable Forged Blade for Hiking, Bushcraft, and Survival","1","amazon.com","Standard Orders","Amazon","MIAMI","FL","33130","MarketplaceFacilitator","29.99","1.57","0","0","0","0","0","0","-7.50","0","-1.57","-3.37","-5.52","0","0","13.60"
"Oct 7, 2025 10:45:04 AM PDT","24673712421","FBA Inventory Fee","","","FBA storage fee","","Amazon.com","Standard Orders","","","","","","0","0","0","0","0","0","0","0","0","0","0","0","0","0","-449.43","-449.43"
"Oct 8, 2025 2:18:01 AM PDT","24673712421","Order","112-8862414-4897829","GB-CA-02-LION","Grumpy Bear Camping Hatchet with Lion Carving, Full Tang Outdoor Axe with Decorative Handle, Durable Forged Blade for Hiking, Bushcraft, and Survival","1","amazon.com","Standard Orders","Amazon","FORT EDWARD","NY","12828","MarketplaceFacilitator","29.99","1.57","1.28","0.09","0","0","0","0","-7.50","0","-1.66","-3.37","-6.65","0","0","13.75"
"Oct 8, 2025 2:31:29 AM PDT","24673712421","Order","112-8862414-4897829","GB-CA-02-LION","Grumpy Bear Camping Hatchet with Lion Carving, Full Tang Outdoor Axe with Decorative Handle, Durable Forged Blade for Hiking, Bushcraft, and Survival","1","amazon.com","Standard Orders","Amazon","FORT EDWARD","NY","12828","MarketplaceFacilitator","29.99","1.57","1.28","0.09","0","0","0","0","-7.50","0","-1.66","-3.37","-6.65","0","0","13.75"
"Oct 9, 2025 3:14:36 AM PDT","24673712421","Order","113-3289437-6033004","GB-CA-02-EAGLE","Grumpy Bear Camping Hatchet, Full Tang Outdoor Axe with Decorative Handle, Durable Forged Blade for Hiking, Bushcraft, and Survival (Eagle)","1","amazon.com","Standard Orders","Amazon","WINFIELD","KS","67156","MarketplaceFacilitator","29.99","1.91","0","0","0","0","0","0","-7.50","0","-1.91","-3.37","-5.37","0","0","13.75"
"Oct 9, 2025 1:51:45 PM PDT","24673712421","Adjustment","","Axe-F-R-S","FBA Inventory Reimbursement - Lost:Warehouse","1","","Standard Orders","","","","","","0","0","0","0","0","0","0","0","0","0","0","0","0","0","9.38","9.38"
"Oct 10, 2025 5:12:36 AM PDT","24673712421","Order","112-4123830-8478641","GB-CA-02-WOLF","Grumpy Bear Camping Hatchet with Wolf Carving, Full Tang Outdoor Axe with Decorative Handle, Durable Forged Blade for Hiking, Bushcraft, and Survival","1","amazon.com","Standard Orders","Amazon","Cheyene","WY","82001","MarketplaceFacilitator","29.99","1.80","0","0","0","0","0","0","0","0","-1.80","-4.50","-5.52","0","0","19.97"
"Oct 10, 2025 5:28:38 AM PDT","24673712421","Order","113-6575583-5946609","GB-CA-02-WOLF","Grumpy Bear Camping Hatchet with Wolf Carving, Full Tang Outdoor Axe with Decorative Handle, Durable Forged Blade for Hiking, Bushcraft, and Survival","1","amazon.com","Standard Orders","Amazon","SARASOTA","FL","34242","MarketplaceFacilitator","29.99","2.10","1.49","0","0","0","0","0","-1.49","0","-2.10","-4.50","-5.52","0","0","19.97"
"Oct 11, 2025 12:40:39 AM PDT","24673712421","Order","S01-9283374-4082003","AXE-SH-L","Grumpy Bear Camping Axe 15 Inches with High Carbon Steel, Smooth Blade, Leather-Wrapped Handle, Safety Lanyard – Ideal for Wood Splitting, Hiking, Survival, and Outdoor Adventures","1","sim1.stores.amazon.com","Standard Orders","Amazon","PROSPER","TX","75078","","0","0","0","0","0","0","0","0","0","0","0","0","-11.34","0","0","-11.34"
"Oct 11, 2025 1:22:25 AM PDT","24673712421","Order","S01-9757066-6016405","AXE-WS-L","Grumpy Bear Camping Axe 15 Inches with High Carbon Steel, Forged Blade, Natural Wood Handle, Safety Lanyard – for Chopping, Wood Splitting, Hiking, and Outdoor Activities","1","sim1.stores.amazon.com","Standard Orders","Amazon","Suffolk","VA","23434","","0","0","0","0","0","0","0","0","0","0","0","0","-11.34","0","0","-11.34"
"Oct 11, 2025 2:52:20 AM PDT","24673712421","Order","114-3278590-5080218","GB-CA-02-WOLF","Grumpy Bear Camping Hatchet with Wolf Carving, Full Tang Outdoor Axe with Decorative Handle, Durable Forged Blade for Hiking, Bushcraft, and Survival","1","amazon.com","Standard Orders","Amazon","FRESNO","CA","93726","MarketplaceFacilitator","29.99","2.50","2.99","0","0","0","0","0","-2.99","0","-2.50","-4.50","-5.52","0","0","19.97"
"Oct 11, 2025 4:42:37 AM PDT","24673712421","Order","111-7190369-1663437","GB-CA-02-EAGLE","Grumpy Bear Camping Hatchet, Full Tang Outdoor Axe with Decorative Handle, Durable Forged Blade for Hiking, Bushcraft, and Survival (Eagle)","1","amazon.com","Standard Orders","Amazon","TROY","MI","48085","MarketplaceFacilitator","29.99","1.80","2.99","0","0","0","0","0","-2.99","0","-1.80","-4.50","-5.37","0","0","20.12"
"Oct 11, 2025 1:44:35 PM PDT","24673712421","Amazon Fees","6505a0d2-c64e-4329-960e-bc01bb4d6848","","Coupon Performance Based Fee","","Amazon.com","Standard Orders","","","","","","0","0","0","0","0","0","0","0","0","0","0","-9.00","0","0","0","-9.00"
"Oct 11, 2025 2:46:53 PM PDT","24673712421","Amazon Fees","6505a0d2-c64e-4329-960e-bc01bb4d6848","","Coupon Participation Fee","","Amazon.com","Standard Orders","","","","","","0","0","0","0","0","0","0","0","0","0","0","-5.00","0","0","0","-5.00"
"Oct 11, 2025 3:29:35 PM PDT","24673712421","Amazon Fees","8e105a8e-004b-49ac-ad77-234f8e5e8bf9","","Coupon Performance Based Fee","","Amazon.com","Standard Orders","","","","","","0","0","0","0","0","0","0","0","0","0","0","-19.80","0","0","0","-19.80"
"Oct 11, 2025 3:41:11 PM PDT","24673712421","Amazon Fees","2e0963f2-491e-45d2-9c88-40125f2729be","","Coupon Participation Fee","","Amazon.com","Standard Orders","","","","","","0","0","0","0","0","0","0","0","0","0","0","-5.00","0","0","0","-5.00"
"Oct 11, 2025 3:41:25 PM PDT","24673712421","Amazon Fees","8e105a8e-004b-49ac-ad77-234f8e5e8bf9","","Coupon Participation Fee","","Amazon.com","Standard Orders","","","","","","0","0","0","0","0","0","0","0","0","0","0","-5.00","0","0","0","-5.00"
"Oct 12, 2025 6:41:12 AM PDT","24673712421","Order","113-2993797-0750612","GB-CA-02-LION","Grumpy Bear Camping Hatchet with Lion Carving, Full Tang Outdoor Axe with Decorative Handle, Durable Forged Blade for Hiking, Bushcraft, and Survival","1","amazon.com","Standard Orders","Amazon","HOLLISTER","CA","95023","MarketplaceFacilitator","29.99","2.77","2.99","0","0","0","0","0","-2.99","0","-2.77","-4.50","-5.37","0","0","20.12"
"Oct 12, 2025 7:58:52 PM PDT","24673712421","Order","111-4420526-3980222","Axe-F-R-S","Grumpy Bear Camping Axe 11 Inches with High Carbon Steel, Forged Blade, Leather-Wrapped Handle, Safety Lanyard - for Chopping, Wood Splitting, Hiking,","1","amazon.com","Standard Orders","Amazon","PEORIA","AZ","85383","MarketplaceFacilitator","32.99","0","0","0","0","0","0","0","-32.99","0","0","-0.30","-5.87","0","0","-6.17"
"Oct 13, 2025 1:48:19 AM PDT","24673712421","Order","S01-6170202-8073257","Axe-F-R-S","Grumpy Bear Camping Axe 11 Inches with High Carbon Steel, Forged Blade, Leather-Wrapped Handle, Safety Lanyard – for Chopping, Wood Splitting, Hiking, and Outdoor Adventures","1","sim1.stores.amazon.com","Standard Orders","Amazon","Huron","OH","44839","","0","0","0","0","0","0","0","0","0","0","0","0","-11.34","0","0","-11.34"
"Oct 13, 2025 3:16:24 AM PDT","24673712421","Order","S01-6111414-3970836","AXE-WS-S","Grumpy Bear Camping Axe 11 Inches with High Carbon Steel, Forged Blade, Natural Wood Handle, Safety Lanyard – for Chopping, Wood Splitting, Hiking, and Outdoor Activities","1","sim1.stores.amazon.com","Standard Orders","Amazon","Euless","TX","76039","","0","0","0","0","0","0","0","0","0","0","0","0","-11.34","0","0","-11.34"
"Oct 13, 2025 5:45:32 AM PDT","24673712421","Order","112-2545002-5615426","Axe-F-R-L","Grumpy Bear Camping Axe 15 Inches with High Carbon Steel, Forged Blade, Leather-Wrapped Handle, Safety Lanyard - for Chopping, Wood Splitting, Hiking,","1","amazon.com","Standard Orders","Amazon","COLORADO SPRINGS","COLORADO","80910","MarketplaceFacilitator","37.99","0","0","0","0","0","0","0","-37.99","0","0","-0.30","-6.05","0","0","-6.35"
"Oct 13, 2025 7:42:11 AM PDT","24673712421","Order","112-5153524-7032254","Axe-F-R-S","Grumpy Bear Camping Axe 11 Inches with High Carbon Steel, Forged Blade, Leather-Wrapped Handle, Safety Lanyard - for Chopping, Wood Splitting, Hiking,","1","amazon.com","Standard Orders","Amazon","QUINCY","MA","02169","MarketplaceFacilitator","32.99","0","0","0","0","0","0","0","-32.99","0","0","-0.30","-5.87","0","0","-6.17"
"Oct 13, 2025 8:23:31 AM PDT","24673712421","Order","111-8931673-3375457","Axe-F-R-L","Grumpy Bear Camping Axe 15 Inches with High Carbon Steel, Forged Blade, Leather-Wrapped Handle, Safety Lanyard - for Chopping, Wood Splitting, Hiking,","1","amazon.com","Standard Orders","Amazon","HOLLISTER","CALIFORNIA","95023","MarketplaceFacilitator","37.99","0","0","0","0","0","0","0","-37.99","0","0","-0.30","-6.05","0","0","-6.35"
"Oct 13, 2025 2:01:26 PM PDT","24673712421","FBA Inventory Fee","114-0243201-7138605","","FBA Removal Order: Disposal Fee","","Amazon.com","Standard Orders","","","","","","0","0","0","0","0","0","0","0","0","0","0","0","0","0","-6.07","-6.07"
"Oct 13, 2025 4:39:21 PM PDT","24673712421","Order","S01-1567408-2404419","Axe-F-R-L","Grumpy Bear Camping Axe 15 Inches with High Carbon Steel, Forged Blade, Leather-Wrapped Handle, Safety Lanyard – for Chopping, Wood Splitting, Hiking, and Outdoor Adventures","1","sim1.stores.amazon.com","Standard Orders","Amazon","South Berwick","ME","03908","","0","0","0","0","0","0","0","0","0","0","0","0","-11.34","0","0","-11.34"
"Oct 13, 2025 4:49:51 PM PDT","24673712421","Order","113-3279791-0543445","GB-CA-02-WOLF","Grumpy Bear Camping Hatchet with Wolf Carving, Full Tang Outdoor Axe with Decorative Handle, Durable Forged Blade for Hiking, Bushcraft, and Survival","1","amazon.com","Standard Orders","Amazon","MIAMI","FL","33130","MarketplaceFacilitator","29.99","2.10","0","0","0","0","0","0","0","0","-2.10","-4.50","0","0","0","25.49"
"Oct 13, 2025 11:44:33 PM PDT","24673712421","Order","114-4063932-3939469","Axe-F-R-L","Grumpy Bear Camping Axe 15 Inches with High Carbon Steel, Forged Blade, Leather-Wrapped Handle, Safety Lanyard - for Chopping, Wood Splitting, Hiking,","1","amazon.com","Standard Orders","Amazon","LA QUINTA","CA","92253","MarketplaceFacilitator","37.99","0","0","0","0","0","0","0","-37.99","0","0","-0.30","-6.05","0","0","-6.35"
"Oct 14, 2025 1:01:15 AM PDT","24673712421","Order","112-6876527-4802626","AXE-WS-L","Grumpy Bear Camping Axe 15 Inches with High Carbon Steel, Forged Blade, Natural Wood Handle, Safety Lanyard - for Chopping, Wood Splitting, Hiking, an","1","amazon.com","Standard Orders","Amazon","LEBANON","MO","65536","MarketplaceFacilitator","37.04","0","0","0","0","0","0","0","-37.04","0","0","-0.30","-6.05","0","0","-6.35"
"Oct 14, 2025 1:12:34 AM PDT","24673712421","Order","111-6364802-6680256","Axe-F-R-L","Grumpy Bear Camping Axe 15 Inches with High Carbon Steel, Forged Blade, Leather-Wrapped Handle, Safety Lanyard - for Chopping, Wood Splitting, Hiking,","1","amazon.com","Standard Orders","Amazon","GRASS VALLEY","CA","95945","MarketplaceFacilitator","37.99","0","0","0","0","0","0","0","-37.99","0","0","-0.30","-6.05","0","0","-6.35"
"Oct 14, 2025 2:21:40 AM PDT","24673712421","Order","114-2934455-7969004","AXE-WS-L","Grumpy Bear Camping Axe 15 Inches with High Carbon Steel, Forged Blade, Natural Wood Handle, Safety Lanyard - for Chopping, Wood Splitting, Hiking, an","1","amazon.com","Standard Orders","Amazon","AUSTIN","TX","78752","MarketplaceFacilitator","37.04","0","0","0","0","0","0","0","-37.04","0","0","-0.30","-6.05","0","0","-6.35"
"Oct 14, 2025 5:40:33 AM PDT","24673712421","Order","114-3866831-6813022","AXE-WS-S","Grumpy Bear Camping Axe 11 Inches with High Carbon Steel, Forged Blade, Natural Wood Handle, Safety Lanyard - for Chopping, Wood Splitting, Hiking, an","1","amazon.com","Standard Orders","Amazon","LA QUINTA","CA","92253","MarketplaceFacilitator","32.99","0","0","0","0","0","0","0","-32.99","0","0","-0.30","-5.87","0","0","-6.17"
"Oct 14, 2025 7:51:45 AM PDT","24673712421","Order","112-2617286-8397855","Axe-F-R-L","Grumpy Bear Camping Axe 15 Inches with High Carbon Steel, Forged Blade, Leather-Wrapped Handle, Safety Lanyard - for Chopping, Wood Splitting, Hiking,","1","amazon.com","Standard Orders","Amazon","POWELL","TN","37849","MarketplaceFacilitator","37.99","0","0","0","0","0","0","0","-37.99","0","0","-0.30","-6.05","0","0","-6.35"
"Oct 14, 2025 8:35:38 AM PDT","24673712421","Order","112-8337520-1997829","AXE-WS-L","Grumpy Bear Camping Axe 15 Inches with High Carbon Steel, Forged Blade, Natural Wood Handle, Safety Lanyard - for Chopping, Wood Splitting, Hiking, an","1","amazon.com","Standard Orders","Amazon","Russell Springs","KY","42642","MarketplaceFacilitator","37.04","0","0","0","0","0","0","0","-37.04","0","0","-0.30","-6.05","0","0","-6.35"
"Oct 14, 2025 9:10:49 AM PDT","24673712421","Order","112-7969320-6942638","Axe-F-R-L","Grumpy Bear Camping Axe 15 Inches with High Carbon Steel, Forged Blade, Leather-Wrapped Handle, Safety Lanyard - for Chopping, Wood Splitting, Hiking,","1","amazon.com","Standard Orders","Amazon","FITZGERALD","GA","31750","MarketplaceFacilitator","37.99","0","0","0","0","0","0","0","-37.99","0","0","-0.30","-6.05","0","0","-6.35"
"Oct 14, 2025 9:15:43 AM PDT","24673712421","Order","113-5613018-1644222","AXE-WS-L","Grumpy Bear Camping Axe 15 Inches with High Carbon Steel, Forged Blade, Natural Wood Handle, Safety Lanyard - for Chopping, Wood Splitting, Hiking, an","1","amazon.com","Standard Orders","Amazon","LAS VEGAS","NV","89139","MarketplaceFacilitator","37.04","0","0","0","0","0","0","0","-37.04","0","0","-0.30","-6.05","0","0","-6.35"
"Oct 14, 2025 10:05:33 PM PDT","24673712421","Order","112-6107584-8551441","AXE-WS-L","Grumpy Bear Camping Axe 15 Inches with High Carbon Steel, Forged Blade, Natural Wood Handle, Safety Lanyard - for Chopping, Wood Splitting, Hiking, an","1","amazon.com","Standard Orders","Amazon","LONGVIEW","TX","75604","MarketplaceFacilitator","37.04","0","0","0","0","0","0","0","-37.04","0","0","-0.30","-6.05","0","0","-6.35"
"Oct 15, 2025 3:53:44 AM PDT","24673712421","Order","111-0835487-7204222","Axe-F-R-S","Grumpy Bear Camping Axe 11 Inches with High Carbon Steel, Forged Blade, Leather-Wrapped Handle, Safety Lanyard - for Chopping, Wood Splitting, Hiking,","1","amazon.com","Standard Orders","Amazon","MILILANI","HI","96789","MarketplaceFacilitator","32.99","1.55","0","0","0","0","0","0","0","0","-3.10","-9.90","-5.87","0","0","15.67"
"Oct 15, 2025 3:53:44 AM PDT","24673712421","Order","111-0835487-7204222","Axe-F-R-S","Grumpy Bear Camping Axe 11 Inches with High Carbon Steel, Forged Blade, Leather-Wrapped Handle, Safety Lanyard - for Chopping, Wood Splitting, Hiking,","1","amazon.com","Standard Orders","Amazon","MILILANI","HI","96789","","32.99","1.55","0","0","0","0","0","0","0","0","0","0","-5.87","0","0","28.67"
"Oct 15, 2025 6:18:27 AM PDT","24673712421","Order","113-8100877-9405813","AXE-WS-L","Grumpy Bear Camping Axe 15 Inches with High Carbon Steel, Forged Blade, Natural Wood Handle, Safety Lanyard - for Chopping, Wood Splitting, Hiking, an","1","amazon.com","Standard Orders","Amazon","DELTONA","FL","32738","MarketplaceFacilitator","37.04","0","0","0","0","0","0","0","-37.04","0","0","-0.30","-6.05","0","0","-6.35"
"Oct 15, 2025 7:17:09 AM PDT","24673712421","Order","114-2654880-1221013","AXE-WS-L","Grumpy Bear Camping Axe 15 Inches with High Carbon Steel, Forged Blade, Natural Wood Handle, Safety Lanyard - for Chopping, Wood Splitting, Hiking, an","1","amazon.com","Standard Orders","Amazon","GARDEN CITY","MI","48135","MarketplaceFacilitator","37.04","0","0","0","0","0","0","0","-37.04","0","0","-0.30","-6.05","0","0","-6.35"
"Oct 15, 2025 7:31:10 AM PDT","24673712421","Order","112-6546165-1228257","Axe-F-R-S","Grumpy Bear Camping Axe 11 Inches with High Carbon Steel, Forged Blade, Leather-Wrapped Handle, Safety Lanyard - for Chopping, Wood Splitting, Hiking,","1","amazon.com","Standard Orders","Amazon","MOYIE SPRINGS","ID","83845","MarketplaceFacilitator","32.99","1.98","0","0","0","0","0","0","0","0","-1.98","-4.95","-5.87","0","0","22.17"
"Oct 15, 2025 8:16:41 AM PDT","24673712421","Order","114-0004746-9871445","Axe-F-R-L","Grumpy Bear Camping Axe 15 Inches with High Carbon Steel, Forged Blade, Leather-Wrapped Handle, Safety Lanyard - for Chopping, Wood Splitting, Hiking,","1","amazon.com","Standard Orders","Amazon","FARMINGTON","MN","55024","MarketplaceFacilitator","37.99","0","0","0","0","0","0","0","-37.99","0","0","-0.30","-6.05","0","0","-6.35"
"Oct 15, 2025 8:36:15 AM PDT","24673712421","Order","112-1685054-1055403","AXE-WS-L","Grumpy Bear Camping Axe 15 Inches with High Carbon Steel, Forged Blade, Natural Wood Handle, Safety Lanyard - for Chopping, Wood Splitting, Hiking, an","1","amazon.com","Standard Orders","Amazon","DAYTON","KY","41074","MarketplaceFacilitator","37.04","0","0","0","0","0","0","0","-37.04","0","0","-0.30","-6.05","0","0","-6.35"
"Oct 15, 2025 8:44:16 AM PDT","24673712421","Order","111-3809604-0061828","Axe-F-R-S","Grumpy Bear Camping Axe 11 Inches with High Carbon Steel, Forged Blade, Leather-Wrapped Handle, Safety Lanyard - for Chopping, Wood Splitting, Hiking,","1","amazon.com","Standard Orders","Amazon","DAYTON","NV","89403","MarketplaceFacilitator","32.99","2.34","0","0","0","0","0","0","0","0","-2.34","-4.95","-5.87","0","0","22.17"
"Oct 15, 2025 9:37:24 AM PDT","24673712421","Order","S01-0506582-4168412","AXE-SH-S","Grumpy Bear Camping Axe 11 Inches with High Carbon Steel, Smooth Blade, Leather-Wrapped Handle, Safety Lanyard – Ideal for Wood Splitting, Hiking, Survival, and Outdoor Adventures","1","sim1.stores.amazon.com","Standard Orders","Amazon","American Fork","UT","84003","","0","0","0","0","0","0","0","0","0","0","0","0","-11.75","0","0","-11.75"
"Oct 15, 2025 12:57:41 PM PDT","24673712421","Order","112-0751470-8541038","LAA-1","Grumpy Bear Heavy Duty Spike Lawn Aerator - Non-Slip T-Handle, Thick Stainless Steel Tube, Big Foot Plate for Better Root Growth & Water Drainage","1","amazon.com","Standard Orders","Amazon","MAHWAH","NJ","07430","MarketplaceFacilitator","12.84","0.85","0","0","0","0","0","0","0","0","-0.85","-1.93","-8.04","0","0","2.87"
"Oct 15, 2025 2:16:14 PM PDT","24673712421","Refund","111-2984026-8445025","LAA-1","Grumpy Bear Heavy Duty Spike Lawn Aerator - Non-Slip T-Handle, Thick Stainless Steel Tube, Big Foot Plate for Better Root Growth & Water Drainage","1","amazon.com","Standard Orders","Amazon","MORENO VALLEY","CA","92551","MarketplaceFacilitator","-18.89","-1.32","0","0","0","0","0","0","3.78","0","1.32","1.82","0","0","0","-13.29"
"Oct 16, 2025 12:20:53 AM PDT","24673712421","Order","111-0045347-9533849","AXE-WS-L","Grumpy Bear Camping Axe 15 Inches with High Carbon Steel, Forged Blade, Natural Wood Handle, Safety Lanyard - for Chopping, Wood Splitting, Hiking, an","1","amazon.com","Standard Orders","Amazon","COLORADO SPRINGS","CO","80918","MarketplaceFacilitator","37.04","0","0","0","0","0","0","0","-37.04","0","0","-0.30","-6.05","0","0","-6.35"
"Oct 16, 2025 7:40:10 AM PDT","24673712421","Order","S01-1026452-3202810","Axe-F-R-L","Grumpy Bear 15"" Survival Axe – Forged High Carbon Steel Hatchet with Spike Tail for Breaking Doors, Glass & Ice, Leather Handle & Lanyard, Ideal for Bushcraft & Outdoor Adventures","1","sim1.stores.amazon.com","Standard Orders","Amazon","MCALLEN","TX","78503","","0","0","0","0","0","0","0","0","0","0","0","0","-11.75","0","0","-11.75"
"Oct 16, 2025 8:05:08 AM PDT","24673712421","Order","114-6479480-9096212","Axe-F-R-L","Grumpy Bear Camping Axe 15 Inches with High Carbon Steel, Forged Blade, Leather-Wrapped Handle, Safety Lanyard - for Chopping, Wood Splitting, Hiking,","1","amazon.com","Standard Orders","Amazon","DONNELLY","ID","83615","MarketplaceFacilitator","42.99","2.58","0","0","0","0","0","0","0","0","-2.58","-6.45","-6.05","0","0","30.49"
"Oct 16, 2025 10:56:46 AM PDT","24673712421","Order","S01-9328663-9116411","AXE-SH-L","Grumpy Bear Camping Axe 15 Inches with High Carbon Steel, Smooth Blade, Leather-Wrapped Handle, Safety Lanyard – Ideal for Wood Splitting, Hiking, Survival, and Outdoor Adventures","1","sim1.stores.amazon.com","Standard Orders","Amazon","Saratoga Springs","UT","84045","","0","0","0","0","0","0","0","0","0","0","0","0","-11.75","0","0","-11.75"
"Oct 16, 2025 11:30:54 PM PDT","24673712421","Order","S01-0860017-4574800","Axe-F-R-L","Grumpy Bear 15"" Survival Axe – Forged High Carbon Steel Hatchet with Spike Tail for Breaking Doors, Glass & Ice, Leather Handle & Lanyard, Ideal for Bushcraft & Outdoor Adventures","1","sim1.stores.amazon.com","Standard Orders","Amazon","Chelsea","OK","74016","","0","0","0","0","0","0","0","0","0","0","0","0","-11.75","0","0","-11.75"
"Oct 17, 2025 2:13:26 AM PDT","24673712421","Order","S01-1575060-2495603","AXE-SH-L","Grumpy Bear Camping Axe 15 Inches with High Carbon Steel, Smooth Blade, Leather-Wrapped Handle, Safety Lanyard – Ideal for Wood Splitting, Hiking, Survival, and Outdoor Adventures","1","sim1.stores.amazon.com","Standard Orders","Amazon","CARLISLE","KY","40311","","0","0","0","0","0","0","0","0","0","0","0","0","-11.75","0","0","-11.75"
"Oct 17, 2025 2:36:03 AM PDT","24673712421","Refund","112-8862414-4897829","GB-CA-02-LION","Grumpy Bear Camping Hatchet with Lion Carving, Full Tang Outdoor Axe with Decorative Handle, Durable Forged Blade for Hiking, Bushcraft, and Survival","1","amazon.com","Standard Orders","Amazon","FORT EDWARD","NY","12828","MarketplaceFacilitator","-29.99","-1.57","0","0","0","0","0","0","7.50","0","1.57","2.70","0","0","0","-19.79"
"Oct 17, 2025 5:51:51 AM PDT","24673712421","Order","112-6945388-2569835","GB-CA-02-EAGLE","Grumpy Bear Camping Hatchet, Full Tang Outdoor Axe with Decorative Handle, Durable Forged Blade for Hiking, Bushcraft, and Survival (Eagle)","1","amazon.com","Standard Orders","Amazon","COLUMBUS","INDIANA","47201","MarketplaceFacilitator","23.99","1.68","0","0","0","0","0","0","0","0","-1.68","-3.60","0","0","0","20.39"
"Oct 17, 2025 7:31:48 AM PDT","24673712421","Order","111-1186452-9182621","LAA-1","Grumpy Bear Heavy Duty Spike Lawn Aerator - Non-Slip T-Handle, Thick Stainless Steel Tube, Big Foot Plate for Better Root Growth & Water Drainage","1","amazon.com","Standard Orders","Amazon","UPPER MARLBORO","MD","20772","MarketplaceFacilitator","12.84","0.77","0","0","0","0","0","0","0","0","-0.77","-1.93","-8.04","0","0","2.87"
"Oct 17, 2025 7:48:27 AM PDT","24673712421","Order","114-6494019-5768234","Axe-F-R-L","Grumpy Bear Camping Axe 15 Inches with High Carbon Steel, Forged Blade, Leather-Wrapped Handle, Safety Lanyard - for Chopping, Wood Splitting, Hiking,","1","amazon.com","Standard Orders","Amazon","ITHACA","MI","48847","MarketplaceFacilitator","37.99","0","0","0","0","0","0","0","-37.99","0","0","-0.30","-6.05","0","0","-6.35"
"Oct 17, 2025 6:23:30 PM PDT","24673712421","Order","111-8832417-4913033","AXE-WS-S","Grumpy Bear Camping Axe 11 Inches with High Carbon Steel, Forged Blade, Natural Wood Handle, Safety Lanyard - for Chopping, Wood Splitting, Hiking, an","1","amazon.com","Standard Orders","Amazon","NORTH LAS VEGAS","NV","89032","MarketplaceFacilitator","36.99","3.10","0","0","0","0","0","0","0","0","-3.10","-5.55","-5.87","0","0","25.57"
"Oct 18, 2025 3:51:16 AM PDT","24673712421","Order","114-8622424-3501815","LAA-1","Grumpy Bear Heavy Duty Spike Lawn Aerator - Non-Slip T-Handle, Thick Stainless Steel Tube, Big Foot Plate for Better Root Growth & Water Drainage","1","amazon.com","Standard Orders","Amazon","CONROE","TX","77302","MarketplaceFacilitator","12.84","0.80","0","0","0","0","0","0","0","0","-0.80","-1.93","-8.04","0","0","2.87"
"Oct 18, 2025 4:24:27 AM PDT","24673712421","Order","111-4463755-2940203","GB-CA-02-EAGLE","Grumpy Bear Camping Hatchet, Full Tang Outdoor Axe with Decorative Handle, Durable Forged Blade for Hiking, Bushcraft, and Survival (Eagle)","1","amazon.com","Standard Orders","Amazon","ERIE","CO","80516","MarketplaceFacilitator","23.99","0.70","0","0","0","0","0","0","0","0","-0.70","-3.60","0","0","0","20.39"
"Oct 18, 2025 4:24:27 AM PDT","24673712421","Order","111-4463755-2940203","GB-CA-02-LION","Grumpy Bear Camping Hatchet with Lion Carving, Full Tang Outdoor Axe with Decorative Handle, Durable Forged Blade for Hiking, Bushcraft, and Survival","1","amazon.com","Standard Orders","Amazon","ERIE","CO","80516","MarketplaceFacilitator","23.99","0.70","0","0","0","0","0","0","0","0","-0.70","-3.60","0","0","0","20.39"
"Oct 18, 2025 6:30:41 AM PDT","24673712421","Order","114-3294175-0973059","LAA-1","Grumpy Bear Heavy Duty Spike Lawn Aerator - Non-Slip T-Handle, Thick Stainless Steel Tube, Big Foot Plate for Better Root Growth & Water Drainage","1","amazon.com","Standard Orders","Amazon","PUYALLUP","WA","98374","MarketplaceFacilitator","12.84","1.22","0","0","0","0","0","0","0","0","-1.22","-1.93","-8.04","0","0","2.87"
"Oct 18, 2025 9:38:02 AM PDT","24673712421","Order","S01-5533486-6177249","AXE-SH-L","Grumpy Bear Camping Axe 15 Inches with High Carbon Steel, Smooth Blade, Leather-Wrapped Handle, Safety Lanyard – Ideal for Wood Splitting, Hiking, Survival, and Outdoor Adventures","1","sim1.stores.amazon.com","Standard Orders","Amazon","MANILA","AR","72442","","0","0","0","0","0","0","0","0","0","0","0","0","-11.75","0","0","-11.75"
"Oct 18, 2025 9:38:39 AM PDT","24673712421","Order","S01-9065972-9978037","Axe-F-R-L","Grumpy Bear 15"" Survival Axe – Forged High Carbon Steel Hatchet with Spike Tail for Breaking Doors, Glass & Ice, Leather Handle & Lanyard, Ideal for Bushcraft & Outdoor Adventures","1","sim1.stores.amazon.com","Standard Orders","Amazon","SCHERTZ","TX","78154","","0","0","0","0","0","0","0","0","0","0","0","0","-11.75","0","0","-11.75"
"Oct 18, 2025 12:16:58 PM PDT","24673712421","Order","S01-7567830-5610020","AXE-SH-L","Grumpy Bear Camping Axe 15 Inches with High Carbon Steel, Smooth Blade, Leather-Wrapped Handle, Safety Lanyard – Ideal for Wood Splitting, Hiking, Survival, and Outdoor Adventures","1","sim1.stores.amazon.com","Standard Orders","Amazon","Champaign","IL","61822","","0","0","0","0","0","0","0","0","0","0","0","0","-11.75","0","0","-11.75"
"Oct 18, 2025 12:26:31 PM PDT","24673712421","Order","S01-8473939-1307633","Axe-F-R-L","Grumpy Bear 15"" Survival Axe – Forged High Carbon Steel Hatchet with Spike Tail for Breaking Doors, Glass & Ice, Leather Handle & Lanyard, Ideal for Bushcraft & Outdoor Adventures","1","sim1.stores.amazon.com","Standard Orders","Amazon","ELIZABETHTON","TN","37643","","0","0","0","0","0","0","0","0","0","0","0","0","-11.75","0","0","-11.75"
"Oct 18, 2025 12:55:05 PM PDT","24673712421","Order","S01-4876312-3234839","AXE-WS-L","Grumpy Bear Camping Axe 15 Inches with High Carbon Steel, Forged Blade, Natural Wood Handle, Safety Lanyard – for Chopping, Wood Splitting, Hiking, and Outdoor Activities","1","sim1.stores.amazon.com","Standard Orders","Amazon","Fort Worth","TX","76120","","0","0","0","0","0","0","0","0","0","0","0","0","-11.75","0","0","-11.75"
"Oct 18, 2025 1:27:39 PM PDT","24673712421","Order","S01-6299058-4702805","Axe-F-R-L","Grumpy Bear 15"" Survival Axe – Forged High Carbon Steel Hatchet with Spike Tail for Breaking Doors, Glass & Ice, Leather Handle & Lanyard, Ideal for Bushcraft & Outdoor Adventures","1","sim1.stores.amazon.com","Standard Orders","Amazon","BURLEY","ID","83318","","0","0","0","0","0","0","0","0","0","0","0","0","-11.75","0","0","-11.75"
"Oct 18, 2025 2:55:40 PM PDT","24673712421","Order","S01-2408522-6358844","Axe-F-R-L","Grumpy Bear Camping Axe 15 Inches with High Carbon Steel, Forged Blade, Leather-Wrapped Handle, Safety Lanyard – for Chopping, Wood Splitting, Hiking, and Outdoor Adventures","1","sim1.stores.amazon.com","Standard Orders","Amazon","Geneva","IL","60134","","0","0","0","0","0","0","0","0","0","0","0","0","-11.75","0","0","-11.75"
"Oct 18, 2025 3:31:16 PM PDT","24673712421","Order","S01-3185544-0533205","AXE-SH-S","Grumpy Bear Camping Axe 11 Inches with High Carbon Steel, Smooth Blade, Leather-Wrapped Handle, Safety Lanyard – Ideal for Wood Splitting, Hiking, Survival, and Outdoor Adventures","1","sim1.stores.amazon.com","Standard Orders","Amazon","WAMEGO","KS","66547","","0","0","0","0","0","0","0","0","0","0","0","0","-11.75","0","0","-11.75"
"Oct 19, 2025 5:07:11 AM PDT","24673712421","Order","112-1904840-3478609","GB-CA-02-LION","Grumpy Bear Camping Hatchet with Lion Carving, Full Tang Outdoor Axe with Decorative Handle, Durable Forged Blade for Hiking, Bushcraft, and Survival","1","amazon.com","Standard Orders","Amazon","CALLAHAN","FL","32011","MarketplaceFacilitator","23.99","1.68","0","0","0","0","0","0","0","0","-1.68","-3.60","0","0","0","20.39"
"Oct 19, 2025 4:25:55 PM PDT","24673712421","Order","S01-2611350-1726839","AXE-SH-L","Grumpy Bear Camping Axe 15 Inches with High Carbon Steel, Smooth Blade, Leather-Wrapped Handle, Safety Lanyard – Ideal for Wood Splitting, Hiking, Survival, and Outdoor Adventures","1","sim1.stores.amazon.com","Standard Orders","Amazon","GRANITE CITY","IL","62040","","0","0","0","0","0","0","0","0","0","0","0","0","-11.75","0","0","-11.75"
"Oct 19, 2025 11:44:22 PM PDT","24673712421","FBA Inventory Fee","","","FBA Long-Term Storage Fee","","Amazon.com","Standard Orders","","","","","","0","0","0","0","0","0","0","0","0","0","0","0","0","0","-194.52","-194.52"
"Oct 20, 2025 1:54:23 AM PDT","24673712421","Order","113-7307173-8097866","GB-CA-02-WOLF","Grumpy Bear Camping Hatchet with Wolf Carving, Full Tang Outdoor Axe with Decorative Handle, Durable Forged Blade for Hiking, Bushcraft, and Survival","1","amazon.com","Standard Orders","Amazon","YORK","PA","17403","MarketplaceFacilitator","29.99","1.80","0","0","0","0","0","0","0","0","-1.80","-4.50","0","0","0","25.49"
"Oct 20, 2025 6:47:44 AM PDT","24769914181","Order","111-8287022-0481804","Axe-F-R-L","Grumpy Bear Camping Axe 15 Inches with High Carbon Steel, Forged Blade, Leather-Wrapped Handle, Safety Lanyard - for Chopping, Wood Splitting, Hiking,","1","amazon.com","Standard Orders","Amazon","SELBYVILLE","DE","19975","","38.99","0","0","0","0","0","0","0","0","0","0","-5.85","-6.05","0","0","27.09"
"Oct 20, 2025 2:17:44 PM PDT","24769914181","Debt","","","amzn1.cam.v1.sgid.24673712421","","","Standard Orders","","","","","","0","0","0","0","0","0","0","0","0","0","0","0","0","0","560.69","560.69"
"Oct 20, 2025 9:48:49 PM PDT","24769914181","Order","S01-4212369-7431616","C-axe-02","Full Tang Survival Camping Axe with Wood Ergonomic Handle and Nylon Sheath Sheath – High Carbon Stainless Steel, Multi-Tool for Outdoor, Hunting, Emergency (Big)","1","sim1.stores.amazon.com","Standard Orders","Amazon","Fort Worth","TX","76120","","0","0","0","0","0","0","0","0","0","0","0","0","-11.75","0","0","-11.75"
"Oct 20, 2025 9:54:32 PM PDT","24769914181","Order","S01-1216416-9862033","AXE-SH-L","Grumpy Bear Camping Axe 15 Inches with High Carbon Steel, Smooth Blade, Leather-Wrapped Handle, Safety Lanyard – Ideal for Wood Splitting, Hiking, Survival, and Outdoor Adventures","1","sim1.stores.amazon.com","Standard Orders","Amazon","CHATTANOOGA","TN","37416","","0","0","0","0","0","0","0","0","0","0","0","0","-11.75","0","0","-11.75"
"Oct 21, 2025 4:47:21 AM PDT","24769914181","Order","114-3288616-2626669","GB-CA-02-WOLF","Grumpy Bear Camping Hatchet with Wolf Carving, Full Tang Outdoor Axe with Decorative Handle, Durable Forged Blade for Hiking, Bushcraft, and Survival","1","amazon.com","Standard Orders","Amazon","CAMBRIA","CA","93428","MarketplaceFacilitator","29.99","2.17","0","0","0","0","0","0","0","0","-2.17","-4.50","0","0","0","25.49"
"Oct 21, 2025 5:14:03 AM PDT","24769914181","Order","113-0313677-0017007","Axe-F-R-L","Grumpy Bear Camping Axe 15 Inches with High Carbon Steel, Forged Blade, Leather-Wrapped Handle, Safety Lanyard - for Chopping, Wood Splitting, Hiking,","1","amazon.com","Standard Orders","Amazon","SAN CLEMENTE","CA","92673","MarketplaceFacilitator","38.99","3.02","0","0","0","0","0","0","0","0","-3.02","-5.85","-6.05","0","0","27.09"
"Oct 21, 2025 6:02:21 AM PDT","24769914181","Order","114-1964283-6940232","Axe-F-R-L","Grumpy Bear Camping Axe 15 Inches with High Carbon Steel, Forged Blade, Leather-Wrapped Handle, Safety Lanyard - for Chopping, Wood Splitting, Hiking,","1","amazon.com","Standard Orders","Amazon","BROOKVILLE","OH","45309","MarketplaceFacilitator","38.99","2.92","0","0","0","0","0","0","0","0","-2.92","-5.85","-6.05","0","0","27.09"
"Oct 21, 2025 7:12:02 AM PDT","24769914181","Order","114-5125796-3083413","AXE-SH-L","Grumpy Bear Camping Axe 15 Inches with High Carbon Steel, Smooth Blade, Leather-Wrapped Handle, Safety Lanyard - Ideal for Wood Splitting, Hiking, Sur","1","amazon.com","Standard Orders","Amazon","DEVINE","TX","78016","MarketplaceFacilitator","38.99","0","0","0","0","0","0","0","-38.99","0","0","-0.30","-6.05","0","0","-6.35"
"Oct 21, 2025 7:42:03 AM PDT","24769914181","Order","112-8540572-9925030","Axe-F-R-L","Grumpy Bear Camping Axe 15 Inches with High Carbon Steel, Forged Blade, Leather-Wrapped Handle, Safety Lanyard - for Chopping, Wood Splitting, Hiking,","1","amazon.com","Standard Orders","Amazon","WAUBUN","MN","56589","MarketplaceFacilitator","37.99","2.61","6.30","0","0","0","0","0","-6.30","0","-2.61","-5.70","-6.05","0","0","26.24"
"Oct 21, 2025 12:19:22 PM PDT","24769914181","Order","S01-0121097-3666057","AXE-SH-S","Grumpy Bear Camping Axe 11 Inches with High Carbon Steel, Smooth Blade, Leather-Wrapped Handle, Safety Lanyard – Ideal for Wood Splitting, Hiking, Survival, and Outdoor Adventures","1","sim1.stores.amazon.com","Standard Orders","Amazon","MARSHFIELD","WI","54449","","0","0","0","0","0","0","0","0","0","0","0","0","-11.75","0","0","-11.75"
"Oct 21, 2025 3:15:40 PM PDT","24769914181","Order","S01-7958933-4038001","AXE-SH-L","Grumpy Bear Camping Axe 15 Inches with High Carbon Steel, Smooth Blade, Leather-Wrapped Handle, Safety Lanyard – Ideal for Wood Splitting, Hiking, Survival, and Outdoor Adventures","1","sim1.stores.amazon.com","Standard Orders","Amazon","LOST CREEK","WV","26385","","0","0","0","0","0","0","0","0","0","0","0","0","-11.75","0","0","-11.75"
"Oct 21, 2025 3:19:33 PM PDT","24769914181","Order","112-0607655-1609867","AXE-SH-S","Grumpy Bear Camping Axe 11 Inches with High Carbon Steel, Smooth Blade, Leather-Wrapped Handle, Safety Lanyard - Ideal for Wood Splitting, Hiking, Sur","1","amazon.com","Standard Orders","Amazon","CELINA","TX","75009","MarketplaceFacilitator","34.97","0","0","0","0","0","0","0","-34.97","0","0","-0.30","-5.87","0","0","-6.17"
"Oct 21, 2025 7:14:24 PM PDT","24769914181","Service Fee","FBA1903WX5BL","","FBA Inbound Placement Service Fee","","Amazon.com","Standard Orders","","","","","","0","0","0","0","0","0","0","0","0","0","0","0","0","0","0","0"
"Oct 21, 2025 10:31:22 PM PDT","24769914181","Order","S01-0277614-1939656","Axe-F-R-L","Grumpy Bear 15"" Survival Axe – Forged High Carbon Steel Hatchet with Spike Tail for Breaking Doors, Glass & Ice, Leather Handle & Lanyard, Ideal for Bushcraft & Outdoor Adventures","1","sim1.stores.amazon.com","Standard Orders","Amazon","SPOKANE","WA","99207","","0","0","0","0","0","0","0","0","0","0","0","0","-11.75","0","0","-11.75"
"Oct 21, 2025 10:31:50 PM PDT","24769914181","Order","S01-4040827-3699631","Axe-F-R-L","Grumpy Bear 15"" Survival Axe – Forged High Carbon Steel Hatchet with Spike Tail for Breaking Doors, Glass & Ice, Leather Handle & Lanyard, Ideal for Bushcraft & Outdoor Adventures","1","sim1.stores.amazon.com","Standard Orders","Amazon","BOZEMAN","MT","59718","","0","0","0","0","0","0","0","0","0","0","0","0","-11.75","0","0","-11.75"
"Oct 22, 2025 5:10:06 AM PDT","24769914181","Order","111-6697483-6266639","LAA-1","Grumpy Bear Heavy Duty Spike Lawn Aerator - Non-Slip T-Handle, Thick Stainless Steel Tube, Big Foot Plate for Better Root Growth & Water Drainage","1","amazon.com","Standard Orders","Amazon","SHOREVIEW","MN","55126","MarketplaceFacilitator","26.99","2.26","0","0","0","0","0","0","0","0","-2.26","-4.05","-8.04","0","0","14.90"
"Oct 22, 2025 6:16:12 AM PDT","24769914181","Order","114-2477703-5694607","LAA-1","Grumpy Bear Heavy Duty Spike Lawn Aerator - Non-Slip T-Handle, Thick Stainless Steel Tube, Big Foot Plate for Better Root Growth & Water Drainage","1","amazon.com","Standard Orders","Amazon","CHATTANOOGA","TN","37407","MarketplaceFacilitator","24.59","2.27","6.99","0.65","0","0","0","0","0","0","-2.92","-3.69","-15.03","0","0","12.86"
"Oct 22, 2025 6:32:18 AM PDT","24769914181","Order","S01-7848732-1402023","AXE-SH-L","Grumpy Bear Camping Axe 15 Inches with High Carbon Steel, Smooth Blade, Leather-Wrapped Handle, Safety Lanyard – Ideal for Wood Splitting, Hiking, Survival, and Outdoor Adventures","1","sim1.stores.amazon.com","Standard Orders","Amazon","MILTON","NH","03851","","0","0","0","0","0","0","0","0","0","0","0","0","-11.75","0","0","-11.75"
"Oct 22, 2025 6:40:20 AM PDT","24769914181","Order","112-3776883-5593800","AXE-SH-L","Grumpy Bear Camping Axe 15 Inches with High Carbon Steel, Smooth Blade, Leather-Wrapped Handle, Safety Lanyard - Ideal for Wood Splitting, Hiking, Sur","1","amazon.com","Standard Orders","Amazon","CHARDON","OH","44024","MarketplaceFacilitator","38.99","0","0","0","0","0","0","0","-38.99","0","0","-0.30","-6.05","0","0","-6.35"
"Oct 22, 2025 6:41:05 AM PDT","24769914181","Order","S01-7902142-2399660","Axe-F-R-L","Grumpy Bear 15"" Survival Axe – Forged High Carbon Steel Hatchet with Spike Tail for Breaking Doors, Glass & Ice, Leather Handle & Lanyard, Ideal for Bushcraft & Outdoor Adventures","1","sim1.stores.amazon.com","Standard Orders","Amazon","ROSEDALE","NY","11422","","0","0","0","0","0","0","0","0","0","0","0","0","-11.75","0","0","-11.75"
"Oct 22, 2025 8:20:51 AM PDT","24769914181","Order","112-3991729-1811419","AXE-WS-S","Grumpy Bear Camping Axe 11 Inches with High Carbon Steel, Forged Blade, Natural Wood Handle, Safety Lanyard - for Chopping, Wood Splitting, Hiking, an","1","amazon.com","Standard Orders","Amazon","SUTHERLIN","OR","97479","","33.99","0","0","0","0","0","0","0","0","0","0","-5.10","-5.87","0","0","23.02"
"Oct 22, 2025 9:09:03 AM PDT","24769914181","Order","112-2244844-7486611","AXE-SH-S","Grumpy Bear Camping Axe 11 Inches with High Carbon Steel, Smooth Blade, Leather-Wrapped Handle, Safety Lanyard - Ideal for Wood Splitting, Hiking, Sur","1","amazon.com","Standard Orders","Amazon","GARDEN GROVE","CA","92845","MarketplaceFacilitator","34.97","0","0","0","0","0","0","0","-34.97","0","0","-0.30","-5.87","0","0","-6.17"
"Oct 22, 2025 9:13:47 AM PDT","24769914181","Service Fee","FBA190928Z20","","FBA Inbound Placement Service Fee","","Amazon.com","Standard Orders","","","","","","0","0","0","0","0","0","0","0","0","0","0","0","0","0","0","0"
"Oct 22, 2025 10:55:01 AM PDT","24769914181","Order","112-6538162-1895449","AXE-WS-S","Grumpy Bear Camping Axe 11 Inches with High Carbon Steel, Forged Blade, Natural Wood Handle, Safety Lanyard - for Chopping, Wood Splitting, Hiking, an","2","amazon.com","Standard Orders","Amazon","WEST LIBERTY","KY","41472","MarketplaceFacilitator","73.98","4.44","0","0","0","0","0","0","0","0","-4.44","-11.10","-11.74","0","0","51.14"
"Oct 22, 2025 12:16:31 PM PDT","24769914181","Order","S01-6440379-9321228","AXE-SH-L","Grumpy Bear Camping Axe 15 Inches with High Carbon Steel, Smooth Blade, Leather-Wrapped Handle, Safety Lanyard – Ideal for Wood Splitting, Hiking, Survival, and Outdoor Adventures","1","sim1.stores.amazon.com","Standard Orders","Amazon","PARKERSBURG","IA","50665","","0","0","0","0","0","0","0","0","0","0","0","0","-11.75","0","0","-11.75"
"Oct 22, 2025 2:14:47 PM PDT","24769914181","Order","S01-8496298-1992418","AXE-SH-L","Grumpy Bear Camping Axe 15 Inches with High Carbon Steel, Smooth Blade, Leather-Wrapped Handle, Safety Lanyard – Ideal for Wood Splitting, Hiking, Survival, and Outdoor Adventures","1","sim1.stores.amazon.com","Standard Orders","Amazon","SANTA CRUZ","CA","95060","","0","0","0","0","0","0","0","0","0","0","0","0","-11.75","0","0","-11.75"
"Oct 22, 2025 5:24:37 PM PDT","24769914181","Service Fee","","","Cost of Advertising","","","Standard Orders","","","","","","0","0","0","0","0","0","0","0","0","0","0","0","0","-501.67","0","-501.67"
"Oct 22, 2025 5:27:17 PM PDT","24769914181","Order","S01-1864291-6218009","AXE-SH-S","Grumpy Bear Camping Axe 11 Inches with High Carbon Steel, Smooth Blade, Leather-Wrapped Handle, Safety Lanyard – Ideal for Wood Splitting, Hiking, Survival, and Outdoor Adventures","1","sim1.stores.amazon.com","Standard Orders","Amazon","ONTARIO","CA","91762","","0","0","0","0","0","0","0","0","0","0","0","0","-11.75","0","0","-11.75"
"Oct 22, 2025 5:39:08 PM PDT","24769914181","Order","S01-1117366-1384456","AXE-SH-L","Grumpy Bear Camping Axe 15 Inches with High Carbon Steel, Smooth Blade, Leather-Wrapped Handle, Safety Lanyard – Ideal for Wood Splitting, Hiking, Survival, and Outdoor Adventures","1","sim1.stores.amazon.com","Standard Orders","Amazon","SPRINGFIELD","OR","97478","","0","0","0","0","0","0","0","0","0","0","0","0","-11.75","0","0","-11.75"
"Oct 22, 2025 10:12:43 PM PDT","24769914181","Order","S01-0612687-9551623","Axe-F-R-L","Grumpy Bear 15"" Survival Axe – Forged High Carbon Steel Hatchet with Spike Tail for Breaking Doors, Glass & Ice, Leather Handle & Lanyard, Ideal for Bushcraft & Outdoor Adventures","1","sim1.stores.amazon.com","Standard Orders","Amazon","INDIANAPOLIS","IN","46226","","0","0","0","0","0","0","0","0","0","0","0","0","-11.75","0","0","-11.75"
"Oct 22, 2025 11:18:35 PM PDT","24769914181","Order","113-1119069-4872200","AXE-SH-L","Grumpy Bear Camping Axe 15 Inches with High Carbon Steel, Smooth Blade, Leather-Wrapped Handle, Safety Lanyard - Ideal for Wood Splitting, Hiking, Sur","1","amazon.com","Standard Orders","Amazon","INDIANAPOLIS","IN","46256","MarketplaceFacilitator","38.99","0","0","0","0","0","0","0","-38.99","0","0","-0.30","-6.05","0","0","-6.35"
"Oct 23, 2025 4:12:03 AM PDT","24769914181","Order","112-0362338-3698648","Axe-F-R-L","Grumpy Bear Camping Axe 15 Inches with High Carbon Steel, Forged Blade, Leather-Wrapped Handle, Safety Lanyard - for Chopping, Wood Splitting, Hiking,","1","amazon.com","Standard Orders","Amazon","CHICO","CA","95926","MarketplaceFacilitator","38.99","3.61","0","0","0","0","0","0","0","0","-3.61","-5.85","-6.05","0","0","27.09"
"Oct 23, 2025 5:16:13 AM PDT","24769914181","Order","112-9576716-9001045","AXE-SH-L","Grumpy Bear Camping Axe 15 Inches with High Carbon Steel, Smooth Blade, Leather-Wrapped Handle, Safety Lanyard - Ideal for Wood Splitting, Hiking, Sur","1","amazon.com","Standard Orders","Amazon","PALM BEACH GARDENS","FL","33418","MarketplaceFacilitator","38.99","0","0","0","0","0","0","0","-38.99","0","0","-0.30","-6.05","0","0","-6.35"
"Oct 23, 2025 6:44:04 AM PDT","24769914181","Order","S01-8954814-3932421","Axe-F-R-L","Grumpy Bear 15"" Survival Axe – Forged High Carbon Steel Hatchet with Spike Tail for Breaking Doors, Glass & Ice, Leather Handle & Lanyard, Ideal for Bushcraft & Outdoor Adventures","1","sim1.stores.amazon.com","Standard Orders","Amazon","ELGIN","TX","78621","","0","0","0","0","0","0","0","0","0","0","0","0","-11.75","0","0","-11.75"
"Oct 23, 2025 9:02:18 AM PDT","24769914181","Order","S01-9325986-8283669","Axe-F-R-L","Grumpy Bear 15"" Survival Axe – Forged High Carbon Steel Hatchet with Spike Tail for Breaking Doors, Glass & Ice, Leather Handle & Lanyard, Ideal for Bushcraft & Outdoor Adventures","1","sim1.stores.amazon.com","Standard Orders","Amazon","EUNICE","NM","88231","","0","0","0","0","0","0","0","0","0","0","0","0","-11.75","0","0","-11.75"
"Oct 23, 2025 9:34:54 AM PDT","24769914181","Order","S01-0458851-3206056","AXE-WS-S","Grumpy Bear Camping Axe 11 Inches with High Carbon Steel, Forged Blade, Natural Wood Handle, Safety Lanyard – for Chopping, Wood Splitting, Hiking, and Outdoor Activities","1","sim1.stores.amazon.com","Standard Orders","Amazon","CENTENNIAL","CO","80122","","0","0","0","0","0","0","0","0","0","0","0","0","-11.75","0","0","-11.75"
"Oct 23, 2025 10:56:48 AM PDT","24769914181","Order","S01-1119587-5642028","Axe-F-R-L","Grumpy Bear 15"" Survival Axe – Forged High Carbon Steel Hatchet with Spike Tail for Breaking Doors, Glass & Ice, Leather Handle & Lanyard, Ideal for Bushcraft & Outdoor Adventures","1","sim1.stores.amazon.com","Standard Orders","Amazon","VALLEY HEAD","AL","35989","","0","0","0","0","0","0","0","0","0","0","0","0","-11.75","0","0","-11.75"
"Oct 23, 2025 11:47:54 AM PDT","24769914181","Order","S01-6195951-4305239","Axe-F-R-S","Grumpy Bear Camping Axe 11 Inches with High Carbon Steel, Forged Blade, Leather-Wrapped Handle, Safety Lanyard – for Chopping, Wood Splitting, Hiking, and Outdoor Adventures","1","sim1.stores.amazon.com","Standard Orders","Amazon","ONTARIO","CA","91762","","0","0","0","0","0","0","0","0","0","0","0","0","-11.75","0","0","-11.75"
"Oct 23, 2025 12:18:40 PM PDT","24769914181","Order","S01-9289151-3642047","AXE-GBWS-S","Grumpy Bear Camping Axe 11 Inches with High Carbon Steel, Forged Blade, Natural Wood Handle, Safety Lanyard – for Chopping, Wood Splitting, Hiking, and Outdoor Activities","1","sim1.stores.amazon.com","Standard Orders","Amazon","Harker Heights","TX","76548","","0","0","0","0","0","0","0","0","0","0","0","0","-10.60","0","0","-10.60"
"Oct 23, 2025 2:13:25 PM PDT","24769914181","Order","S01-2323763-8525228","Axe-F-R-L","Grumpy Bear 15"" Survival Axe – Forged High Carbon Steel Hatchet with Spike Tail for Breaking Doors, Glass & Ice, Leather Handle & Lanyard, Ideal for Bushcraft & Outdoor Adventures","1","sim1.stores.amazon.com","Standard Orders","Amazon","IVA","SC","29655","","0","0","0","0","0","0","0","0","0","0","0","0","-11.75","0","0","-11.75"
"Oct 23, 2025 3:26:25 PM PDT","24769914181","Amazon Fees","","","Vine Enrollment Fee","","Amazon.com","Standard Orders","","","","","","0","0","0","0","0","0","0","0","0","0","0","-56.25","0","0","0","-56.25"
"Oct 23, 2025 3:33:24 PM PDT","24769914181","","e852b7b6-b0e1-4584-9c53-c6287be3d731","","Price Discount - e852b7b6-b0e1-4584-9c53-c6287be3d731","","Amazon.com","Standard Orders","","","","","","0","0","0","0","0","0","0","0","0","0","0","0","0","-100.00","0","-100.00"
"Oct 23, 2025 6:21:06 PM PDT","24769914181","Order","S01-8222787-8242021","Axe-F-R-L","Grumpy Bear 15"" Survival Axe – Forged High Carbon Steel Hatchet with Spike Tail for Breaking Doors, Glass & Ice, Leather Handle & Lanyard, Ideal for Bushcraft & Outdoor Adventures","1","sim1.stores.amazon.com","Standard Orders","Amazon","WEST LINN","OR","97068","","0","0","0","0","0","0","0","0","0","0","0","0","-11.75","0","0","-11.75"
"Oct 23, 2025 9:23:25 PM PDT","24769914181","Order","S01-1530069-2278834","Axe-F-R-L","Grumpy Bear 15"" Survival Axe – Forged High Carbon Steel Hatchet with Spike Tail for Breaking Doors, Glass & Ice, Leather Handle & Lanyard, Ideal for Bushcraft & Outdoor Adventures","1","sim1.stores.amazon.com","Standard Orders","Amazon","WINSLOW","AZ","86047","","0","0","0","0","0","0","0","0","0","0","0","0","-11.75","0","0","-11.75"
"Oct 23, 2025 10:42:19 PM PDT","24769914181","Order","S01-1120375-2382848","AXE-SH-S","Grumpy Bear Camping Axe 11 Inches with High Carbon Steel, Smooth Blade, Leather-Wrapped Handle, Safety Lanyard – Ideal for Wood Splitting, Hiking, Survival, and Outdoor Adventures","1","sim1.stores.amazon.com","Standard Orders","Amazon","RUSSELLVILLE","AL","35653","","0","0","0","0","0","0","0","0","0","0","0","0","-11.75","0","0","-11.75"
"Oct 23, 2025 11:13:04 PM PDT","24769914181","Order","S01-0760240-4366864","Axe-F-R-L","Grumpy Bear 15"" Survival Axe – Forged High Carbon Steel Hatchet with Spike Tail for Breaking Doors, Glass & Ice, Leather Handle & Lanyard, Ideal for Bushcraft & Outdoor Adventures","1","sim1.stores.amazon.com","Standard Orders","Amazon","ALBUQUERQUE","NM","87109","","0","0","0","0","0","0","0","0","0","0","0","0","-11.75","0","0","-11.75"
"Oct 23, 2025 11:21:30 PM PDT","24769914181","Order","S01-1613194-7288402","AXE-WS-L","Grumpy Bear Camping Axe 15 Inches with High Carbon Steel, Forged Blade, Natural Wood Handle, Safety Lanyard – for Chopping, Wood Splitting, Hiking, and Outdoor Activities","1","sim1.stores.amazon.com","Standard Orders","Amazon","Harker Heights","TX","76548","","0","0","0","0","0","0","0","0","0","0","0","0","-11.75","0","0","-11.75"
"Oct 24, 2025 1:29:18 AM PDT","24769914181","Order","S01-8953401-8441237","AXE-SH-L","Grumpy Bear Camping Axe 15 Inches with High Carbon Steel, Smooth Blade, Leather-Wrapped Handle, Safety Lanyard – Ideal for Wood Splitting, Hiking, Survival, and Outdoor Adventures","1","sim1.stores.amazon.com","Standard Orders","Amazon","BELMONT","NH","03220","","0","0","0","0","0","0","0","0","0","0","0","0","-11.75","0","0","-11.75"
"Oct 24, 2025 2:05:37 AM PDT","24769914181","Order","S01-2367705-4496450","Axe-F-R-S","Grumpy Bear Camping Axe 11 Inches with High Carbon Steel, Forged Blade, Leather-Wrapped Handle, Safety Lanyard – for Chopping, Wood Splitting, Hiking, and Outdoor Adventures","1","sim1.stores.amazon.com","Standard Orders","Amazon","PERRYSBURG","OH","43551","","0","0","0","0","0","0","0","0","0","0","0","0","-11.75","0","0","-11.75"
"Oct 24, 2025 3:17:16 AM PDT","24705711301","Order","112-7730331-4293846","GB-CA-02-EAGLE","Grumpy Bear Camping Hatchet, Full Tang Outdoor Axe with Decorative Handle, Durable Forged Blade for Hiking, Bushcraft, and Survival (Eagle)","1","amazon.com","Invoiced Orders","Amazon","Norwood","MA","02062","MarketplaceFacilitator","29.99","1.87","0","0","0","0","0","0","0","0","-1.87","-4.50","-5.37","0","0","20.12"
"Oct 24, 2025 4:35:42 AM PDT","24769914181","Order","113-0671708-6588242","Axe-F-R-L","Grumpy Bear 15"" Survival Axe - Forged High Carbon Steel Hatchet with Spike Tail for Breaking Doors, Glass & Ice, Leather Handle & Lanyard, Ideal for B","1","amazon.com","Standard Orders","Amazon","Llewellyn","PA","17944","MarketplaceFacilitator","37.04","2.22","2.99","0","0","0","0","0","-2.99","0","-2.22","-5.56","-6.44","0","0","25.04"
"Oct 24, 2025 7:57:35 AM PDT","24769914181","Order","S01-4175633-8932463","Axe-F-R-L","Grumpy Bear 15"" Survival Axe – Forged High Carbon Steel Hatchet with Spike Tail for Breaking Doors, Glass & Ice, Leather Handle & Lanyard, Ideal for Bushcraft & Outdoor Adventures","1","sim1.stores.amazon.com","Standard Orders","Amazon","EDGEWATER","MD","21037","","0","0","0","0","0","0","0","0","0","0","0","0","-11.75","0","0","-11.75"
"Oct 24, 2025 8:49:17 AM PDT","24769914181","Order","111-8839072-5933031","LAA-1","Grumpy Bear Heavy Duty Spike Lawn Aerator - Non-Slip T-Handle, Thick Stainless Steel Tube, Big Foot Plate for Better Root Growth & Water Drainage","1","amazon.com","Standard Orders","Amazon","JACKSONVILLE","FL","32258","MarketplaceFacilitator","12.84","0.96","0","0","0","0","0","0","0","0","-0.96","-1.93","-8.04","0","0","2.87"
"Oct 24, 2025 9:41:25 AM PDT","24769914181","Order","S01-8086172-4875602","AXE-SH-S","Grumpy Bear Camping Axe 11 Inches with High Carbon Steel, Smooth Blade, Leather-Wrapped Handle, Safety Lanyard – Ideal for Wood Splitting, Hiking, Survival, and Outdoor Adventures","1","sim1.stores.amazon.com","Standard Orders","Amazon","SALT LAKE CITY","UT","84116","","0","0","0","0","0","0","0","0","0","0","0","0","-11.75","0","0","-11.75"
"Oct 24, 2025 9:57:47 AM PDT","24769914181","Order","S01-6843706-5782051","AXE-SH-S","Grumpy Bear Camping Axe 11 Inches with High Carbon Steel, Smooth Blade, Leather-Wrapped Handle, Safety Lanyard – Ideal for Wood Splitting, Hiking, Survival, and Outdoor Adventures","1","sim1.stores.amazon.com","Standard Orders","Amazon","SAINT PETERSBURG","FL","33702","","0","0","0","0","0","0","0","0","0","0","0","0","-11.75","0","0","-11.75"
"Oct 24, 2025 12:28:59 PM PDT","24769914181","Order","S01-8864142-3701264","AXE-SH-L","Grumpy Bear Camping Axe 15 Inches with High Carbon Steel, Smooth Blade, Leather-Wrapped Handle, Safety Lanyard – Ideal for Wood Splitting, Hiking, Survival, and Outdoor Adventures","1","sim1.stores.amazon.com","Standard Orders","Amazon","MOSCOW","ID","83843","","0","0","0","0","0","0","0","0","0","0","0","0","-11.75","0","0","-11.75"
"Oct 24, 2025 1:15:59 PM PDT","24769914181","Order","S01-5607015-5258010","Axe-F-R-L","Grumpy Bear 15"" Survival Axe – Forged High Carbon Steel Hatchet with Spike Tail for Breaking Doors, Glass & Ice, Leather Handle & Lanyard, Ideal for Bushcraft & Outdoor Adventures","1","sim1.stores.amazon.com","Standard Orders","Amazon","DALLAS","TX","75235","","0","0","0","0","0","0","0","0","0","0","0","0","-11.75","0","0","-11.75"
"Oct 24, 2025 2:32:15 PM PDT","24769914181","Order","S01-0048759-6659620","AXE-SH-S","Grumpy Bear Camping Axe 11 Inches with High Carbon Steel, Smooth Blade, Leather-Wrapped Handle, Safety Lanyard – Ideal for Wood Splitting, Hiking, Survival, and Outdoor Adventures","2","sim1.stores.amazon.com","Standard Orders","Amazon","BRISTOW","OK","74010","","0","0","0","0","0","0","0","0","0","0","0","0","-16.52","0","0","-16.52"
"Oct 24, 2025 3:46:30 PM PDT","24769914181","Order","S01-0082786-6216423","Axe-F-R-L","Grumpy Bear 15"" Survival Axe – Forged High Carbon Steel Hatchet with Spike Tail for Breaking Doors, Glass & Ice, Leather Handle & Lanyard, Ideal for Bushcraft & Outdoor Adventures","1","sim1.stores.amazon.com","Standard Orders","Amazon","BATTLE GROUND","WA","98604","","0","0","0","0","0","0","0","0","0","0","0","0","-11.75","0","0","-11.75"
"Oct 24, 2025 8:36:12 PM PDT","24769914181","Order","S01-2983396-4903638","AXE-SH-S","Grumpy Bear Camping Axe 11 Inches with High Carbon Steel, Smooth Blade, Leather-Wrapped Handle, Safety Lanyard – Ideal for Wood Splitting, Hiking, Survival, and Outdoor Adventures","1","sim1.stores.amazon.com","Standard Orders","Amazon","MISHAWAKA","IN","46544","","0","0","0","0","0","0","0","0","0","0","0","0","-11.75","0","0","-11.75"
"Oct 25, 2025 4:50:35 AM PDT","24769914181","Order","112-6747716-5896251","AXE-GBWS-L","Grumpy Bear Camping Axe 15 Inches with High Carbon Steel, Forged Blade, Natural Wood Handle, Safety Lanyard - for Chopping, Wood Splitting, Hiking, an","1","amazon.com","Standard Orders","Amazon","PORTLAND","OR","97216","","39.99","0","0","0","0","0","0","0","-39.99","0","0","-0.30","-6.44","0","0","-6.74"
"Oct 25, 2025 6:06:07 AM PDT","24769914181","Order","111-8196553-9299449","AXE-SH-L","Grumpy Bear Camping Axe 15 Inches with High Carbon Steel, Smooth Blade, Leather-Wrapped Handle, Safety Lanyard - Ideal for Wood Splitting, Hiking, Sur","1","amazon.com","Standard Orders","Amazon","JOHNSON CITY","TN","37604","MarketplaceFacilitator","38.99","0","0","0","0","0","0","0","-38.99","0","0","-0.30","-6.05","0","0","-6.35"
"Oct 25, 2025 6:09:57 AM PDT","24769914181","Order","113-3062441-5706603","AXE-WS-S","Grumpy Bear Camping Axe 11 Inches with High Carbon Steel, Forged Blade, Natural Wood Handle, Safety Lanyard - for Chopping, Wood Splitting, Hiking, an","1","amazon.com","Standard Orders","Amazon","San Juan Bautista","CA","95045","MarketplaceFacilitator","33.99","2.80","0","0","0","0","0","0","0","0","-2.80","-5.10","-6.24","0","0","22.65"
"Oct 25, 2025 6:40:28 AM PDT","24769914181","Order","S01-4322091-2315658","AXE-SH-S","Grumpy Bear Camping Axe 11 Inches with High Carbon Steel, Smooth Blade, Leather-Wrapped Handle, Safety Lanyard – Ideal for Wood Splitting, Hiking, Survival, and Outdoor Adventures","1","sim1.stores.amazon.com","Standard Orders","Amazon","INDIANAPOLIS","IN","46234","","0","0","0","0","0","0","0","0","0","0","0","0","-11.75","0","0","-11.75"
"Oct 25, 2025 8:36:04 AM PDT","24769914181","Order","111-0281454-0441034","AXE-GBWS-S","Grumpy Bear Camping Axe 11 Inches with High Carbon Steel, Forged Blade, Natural Wood Handle, Safety Lanyard - for Chopping, Wood Splitting, Hiking, an","1","amazon.com","Standard Orders","Amazon","GARDEN CITY","MI","48135","MarketplaceFacilitator","36.99","0","0","0","0","0","0","0","-36.99","0","0","-0.30","-6.10","0","0","-6.40"
"Oct 25, 2025 9:06:05 AM PDT","24769914181","Order","112-4431370-3156233","AXE-SH-L","Grumpy Bear Camping Axe 15 Inches with High Carbon Steel, Smooth Blade, Leather-Wrapped Handle, Safety Lanyard - Ideal for Wood Splitting, Hiking, Sur","1","amazon.com","Standard Orders","Amazon","SPOKANE","WA","99217","MarketplaceFacilitator","38.99","0","0","0","0","0","0","0","-38.99","0","0","-0.30","-6.44","0","0","-6.74"
"Oct 25, 2025 6:55:04 PM PDT","24769914181","Order","112-2066397-8617064","AXE-GBWS-L","Grumpy Bear Camping Axe 15 Inches with High Carbon Steel, Forged Blade, Natural Wood Handle, Safety Lanyard - for Chopping, Wood Splitting, Hiking, an","1","amazon.com","Standard Orders","Amazon","LEBANON","MO","65536","MarketplaceFacilitator","39.99","0","0","0","0","0","0","0","-39.99","0","0","-0.30","-6.44","0","0","-6.74"
"Oct 26, 2025 3:41:15 AM PDT","24769914181","Service Fee","","","Subscription","","Amazon.com","Standard Orders","","","","","","0","0","0","0","0","0","0","0","0","0","0","0","0","0","-21.83","-21.83"
"Oct 26, 2025 6:06:49 AM PDT","24769914181","Order","113-5140108-5222660","AXE-GBWS-L","Grumpy Bear Camping Axe 15 Inches with High Carbon Steel, Forged Blade, Natural Wood Handle, Safety Lanyard - for Chopping, Wood Splitting, Hiking, an","1","amazon.com","Standard Orders","Amazon","GILROY","CA","95020","MarketplaceFacilitator","39.99","0","0","0","0","0","0","0","-39.99","0","0","-0.30","-6.44","0","0","-6.74"
"Oct 26, 2025 6:54:05 AM PDT","24769914181","Order","112-7315847-6706648","AXE-GBWS-L","Grumpy Bear Camping Axe 15 Inches with High Carbon Steel, Forged Blade, Natural Wood Handle, Safety Lanyard - for Chopping, Wood Splitting, Hiking, an","1","amazon.com","Standard Orders","Amazon","Longmont","Colorado","80504","MarketplaceFacilitator","39.99","0","0","0","0","0","0","0","-39.99","0","0","-0.30","-6.44","0","0","-6.74"
"Oct 26, 2025 7:58:33 AM PDT","24769914181","Order","112-6459273-4474626","Axe-F-R-S","Grumpy Bear Camping Axe 11 Inches with High Carbon Steel, Forged Blade, Leather-Wrapped Handle, Safety Lanyard - for Chopping, Wood Splitting, Hiking,","1","amazon.com","Standard Orders","Amazon","NORTH SCITUATE","RI","02857","MarketplaceFacilitator","34.99","2.45","0","0","0","0","0","0","0","0","-2.45","-5.25","-6.24","0","0","23.50"
"Oct 26, 2025 8:09:16 AM PDT","24769914181","Order","114-5099362-9049046","AXE-GBWS-L","Grumpy Bear Camping Axe 15 Inches with High Carbon Steel, Forged Blade, Natural Wood Handle, Safety Lanyard - for Chopping, Wood Splitting, Hiking, an","1","amazon.com","Standard Orders","Amazon","TIMBERVILLE","VA","22853","MarketplaceFacilitator","39.99","0","0","0","0","0","0","0","-39.99","0","0","-0.30","-6.44","0","0","-6.74"
"Oct 26, 2025 11:23:11 AM PDT","24769914181","Order","S01-3981505-2168400","Axe-F-R-L","Grumpy Bear 15"" Survival Axe Camping Hatchet – Forged High Carbon Steel Hatchet with Spike Tail for Breaking Doors, Glass & Ice, Leather Handle & Lanyard, Ideal for Bushcraft & Outdoor Adventures","1","sim1.stores.amazon.com","Standard Orders","Amazon","TACOMA","WA","98418","","0","0","0","0","0","0","0","0","0","0","0","0","-11.75","0","0","-11.75"
"Oct 26, 2025 1:34:27 PM PDT","24769914181","Order","S01-8532081-7760442","Axe-F-R-L","Grumpy Bear 15"" Survival Axe Camping Hatchet – Forged High Carbon Steel Hatchet with Spike Tail for Breaking Doors, Glass & Ice, Leather Handle & Lanyard, Ideal for Bushcraft & Outdoor Adventures","1","sim1.stores.amazon.com","Standard Orders","Amazon","HUDSON FALLS","NY","12839","","0","0","0","0","0","0","0","0","0","0","0","0","-11.75","0","0","-11.75"
"Oct 26, 2025 8:40:41 PM PDT","24769914181","Order","S01-0584784-2613243","Axe-F-R-L","Grumpy Bear 15"" Survival Axe Camping Hatchet – Forged High Carbon Steel Hatchet with Spike Tail for Breaking Doors, Glass & Ice, Leather Handle & Lanyard, Ideal for Bushcraft & Outdoor Adventures","1","sim1.stores.amazon.com","Standard Orders","Amazon","JASPER","GA","30143","","0","0","0","0","0","0","0","0","0","0","0","0","-11.75","0","0","-11.75"
"Oct 26, 2025 9:54:05 PM PDT","24769914181","Order","S01-2319562-5299658","AXE-SH-S","Grumpy Bear 11"" Survival Axe Camping Hatchet – Forged High Carbon Steel Hatchet with Spike Tail for Breaking Doors, Glass & Ice, Leather Handle & Lanyard, Ideal for Bushcraft & Outdoor Adventures","1","sim1.stores.amazon.com","Standard Orders","Amazon","YORK","PA","17402","","0","0","0","0","0","0","0","0","0","0","0","0","-11.75","0","0","-11.75"
"Oct 27, 2025 12:53:21 AM PDT","24769914181","Order","112-8388373-3340222","Axe-F-R-L","Grumpy Bear 15"" Survival Axe - Forged High Carbon Steel Hatchet with Spike Tail for Breaking Doors, Glass & Ice, Leather Handle & Lanyard, Ideal for B","1","amazon.com","Standard Orders","Amazon","CHATTANOOGA","TN","37415","MarketplaceFacilitator","37.04","3.43","0","0","0","0","0","0","0","0","-3.43","-5.56","-6.44","0","0","25.04"
"Oct 27, 2025 1:51:18 AM PDT","24769914181","Order","S01-7092588-5074828","Axe-F-R-L","Grumpy Bear 15"" Survival Axe Camping Hatchet – Forged High Carbon Steel Hatchet with Spike Tail for Breaking Doors, Glass & Ice, Leather Handle & Lanyard, Ideal for Bushcraft & Outdoor Adventures","1","sim1.stores.amazon.com","Standard Orders","Amazon","MARSTON","NC","28363","","0","0","0","0","0","0","0","0","0","0","0","0","-11.75","0","0","-11.75"
"Oct 27, 2025 1:59:07 AM PDT","24769914181","Order","S01-5559438-8930021","AXE-SH-L","Grumpy Bear 15"" Survival Axe Camping Hatchet – Forged High Carbon Steel Hatchet with Spike Tail for Breaking Doors, Glass & Ice, Leather Handle & Lanyard, Ideal for Bushcraft & Outdoor Adventures","1","sim1.stores.amazon.com","Standard Orders","Amazon","KNOXVILLE","TN","37921","","0","0","0","0","0","0","0","0","0","0","0","0","-11.75","0","0","-11.75"
"Oct 27, 2025 5:21:41 AM PDT","24769914181","Order","114-9299898-2205864","AXE-GBWS-L","Grumpy Bear Camping Axe 15 Inches with High Carbon Steel, Forged Blade, Natural Wood Handle, Safety Lanyard - for Chopping, Wood Splitting, Hiking, an","1","amazon.com","Standard Orders","Amazon","NEW WINDSOR","NY","12553","MarketplaceFacilitator","39.99","0","0","0","0","0","0","0","-39.99","0","0","-0.30","-6.44","0","0","-6.74"
"Oct 27, 2025 5:49:47 AM PDT","24769914181","Order","114-7134023-8197023","Axe-F-R-S","Grumpy Bear Camping Axe 11 Inches with High Carbon Steel, Forged Blade, Leather-Wrapped Handle, Safety Lanyard - for Chopping, Wood Splitting, Hiking,","1","amazon.com","Standard Orders","Amazon","AMES","IA","50014","MarketplaceFacilitator","34.99","2.45","0","0","0","0","0","0","0","0","-2.45","-5.25","-6.24","0","0","23.50"
"Oct 27, 2025 11:40:25 AM PDT","24769914181","Order","S01-2520528-7738862","AXE-SH-L","Grumpy Bear 15"" Survival Axe Camping Hatchet – Forged High Carbon Steel Hatchet with Spike Tail for Breaking Doors, Glass & Ice, Leather Handle & Lanyard, Ideal for Bushcraft & Outdoor Adventures","1","sim1.stores.amazon.com","Standard Orders","Amazon","SEATTLE","WA","98117","","0","0","0","0","0","0","0","0","0","0","0","0","-11.75","0","0","-11.75"
"Oct 27, 2025 1:16:28 PM PDT","24769914181","Order","112-7661325-5833040","Axe-F-R-L","Grumpy Bear 15"" Survival Axe - Forged High Carbon Steel Hatchet with Spike Tail for Breaking Doors, Glass & Ice, Leather Handle & Lanyard, Ideal for B","1","amazon.com","Standard Orders","Amazon","VERNON","NJ","07462","MarketplaceFacilitator","37.04","2.45","0","0","0","0","0","0","0","0","-2.45","-5.56","-6.44","0","0","25.04"
"Oct 27, 2025 1:20:28 PM PDT","24769914181","Order","S01-9722667-2922800","Axe-F-R-L","Grumpy Bear 15"" Survival Axe Camping Hatchet – Forged High Carbon Steel Hatchet with Spike Tail for Breaking Doors, Glass & Ice, Leather Handle & Lanyard, Ideal for Bushcraft & Outdoor Adventures","1","sim1.stores.amazon.com","Standard Orders","Amazon","NEWARK","NJ","07103","","0","0","0","0","0","0","0","0","0","0","0","0","-11.75","0","0","-11.75"
"Oct 27, 2025 1:21:12 PM PDT","24769914181","Order","S01-9550542-5273200","Axe-F-R-L","Grumpy Bear 15"" Survival Axe Camping Hatchet – Forged High Carbon Steel Hatchet with Spike Tail for Breaking Doors, Glass & Ice, Leather Handle & Lanyard, Ideal for Bushcraft & Outdoor Adventures","1","sim1.stores.amazon.com","Standard Orders","Amazon","HAMILTON","NJ","08619","","0","0","0","0","0","0","0","0","0","0","0","0","-11.75","0","0","-11.75"
"Oct 28, 2025 12:18:57 AM PDT","24769914181","Order","S01-9742760-8526048","Axe-F-R-L","Grumpy Bear 15"" Survival Axe Camping Hatchet – Forged High Carbon Steel Hatchet with Spike Tail for Breaking Doors, Glass & Ice, Leather Handle & Lanyard, Ideal for Bushcraft & Outdoor Adventures","1","sim1.stores.amazon.com","Standard Orders","Amazon","WHITEWRIGHT","TX","75491","","0","0","0","0","0","0","0","0","0","0","0","0","-11.75","0","0","-11.75"
"Oct 28, 2025 2:30:16 AM PDT","24769914181","Order","S01-5965366-4236411","Axe-F-R-L","Grumpy Bear 15"" Survival Axe Camping Hatchet – Forged High Carbon Steel Hatchet with Spike Tail for Breaking Doors, Glass & Ice, Leather Handle & Lanyard, Ideal for Bushcraft & Outdoor Adventures","1","sim1.stores.amazon.com","Standard Orders","Amazon","BRAZIL","IN","47834","","0","0","0","0","0","0","0","0","0","0","0","0","-11.75","0","0","-11.75"
"Oct 28, 2025 2:45:43 AM PDT","24769914181","Order","114-2408708-2857006","Axe-F-R-L","Grumpy Bear 15"" Survival Axe - Forged High Carbon Steel Hatchet with Spike Tail for Breaking Doors, Glass & Ice, Leather Handle & Lanyard, Ideal for B","1","amazon.com","Standard Orders","Amazon","JAMAICA","NY","11436","MarketplaceFacilitator","37.04","3.29","0","0","0","0","0","0","0","0","-3.29","-5.56","-6.44","0","0","25.04"
"Oct 28, 2025 12:05:00 PM PDT","24769914181","Order","S01-7923854-5993251","Axe-F-R-L","Grumpy Bear 15"" Survival Axe Camping Hatchet – Forged High Carbon Steel Hatchet with Spike Tail for Breaking Doors, Glass & Ice, Leather Handle & Lanyard, Ideal for Bushcraft & Outdoor Adventures","1","sim1.stores.amazon.com","Standard Orders","Amazon","CLEVELAND","OH","44105","","0","0","0","0","0","0","0","0","0","0","0","0","-11.75","0","0","-11.75"
"Oct 28, 2025 1:05:55 PM PDT","24769914181","Order","S01-7075740-9389241","AXE-SH-S","Grumpy Bear 11"" Survival Axe Camping Hatchet – Forged High Carbon Steel Hatchet with Spike Tail for Breaking Doors, Glass & Ice, Leather Handle & Lanyard, Ideal for Bushcraft & Outdoor Adventures","1","sim1.stores.amazon.com","Standard Orders","Amazon","LITTLE ROCK","AR","72209","","0","0","0","0","0","0","0","0","0","0","0","0","-11.75","0","0","-11.75"
"Oct 28, 2025 1:30:42 PM PDT","24769914181","Order","S01-6413973-4439657","AXE-SH-S","Grumpy Bear 11"" Survival Axe Camping Hatchet – Forged High Carbon Steel Hatchet with Spike Tail for Breaking Doors, Glass & Ice, Leather Handle & Lanyard, Ideal for Bushcraft & Outdoor Adventures","1","sim1.stores.amazon.com","Standard Orders","Amazon","ALBUQUERQUE","NM","87121","","0","0","0","0","0","0","0","0","0","0","0","0","-11.75","0","0","-11.75"
"Oct 28, 2025 2:31:28 PM PDT","24769914181","Order","S01-7595447-4180415","Axe-F-R-L","Grumpy Bear 15"" Survival Axe Camping Hatchet – Forged High Carbon Steel Hatchet with Spike Tail for Breaking Doors, Glass & Ice, Leather Handle & Lanyard, Ideal for Bushcraft & Outdoor Adventures","1","sim1.stores.amazon.com","Standard Orders","Amazon","LAS VEGAS","NV","89102","","0","0","0","0","0","0","0","0","0","0","0","0","-11.75","0","0","-11.75"
"Oct 28, 2025 3:16:28 PM PDT","24769914181","Order","S01-1100025-5677262","Axe-F-R-L","Grumpy Bear 15"" Survival Axe Camping Hatchet – Forged High Carbon Steel Hatchet with Spike Tail for Breaking Doors, Glass & Ice, Leather Handle & Lanyard, Ideal for Bushcraft & Outdoor Adventures","1","sim1.stores.amazon.com","Standard Orders","Amazon","LAND O LAKES","FL","34639","","0","0","0","0","0","0","0","0","0","0","0","0","-11.75","0","0","-11.75"
"Oct 29, 2025 12:01:14 AM PDT","24769914181","Order","111-8006919-0227423","Axe-F-R-L","Grumpy Bear 15"" Survival Axe - Forged High Carbon Steel Hatchet with Spike Tail for Breaking Doors, Glass & Ice, Leather Handle & Lanyard, Ideal for B","1","amazon.com","Standard Orders","Amazon","GEORGETOWN","TX","78628","MarketplaceFacilitator","37.04","3.06","6.99","0","0","0","0","0","-6.99","0","-3.06","-5.56","-6.44","0","0","25.04"
"Oct 29, 2025 3:10:34 AM PDT","24769914181","Order","113-0935308-0177017","AXE-GBWS-L","Grumpy Bear Camping Axe 15 Inches with High Carbon Steel, Forged Blade, Natural Wood Handle, Safety Lanyard - for Chopping, Wood Splitting, Hiking, an","1","amazon.com","Standard Orders","Amazon","HAILEY","ID","83333","MarketplaceFacilitator","39.99","0","0","0","0","0","0","0","-39.99","0","0","-0.30","-6.44","0","0","-6.74"
"Oct 29, 2025 4:31:05 AM PDT","24769914181","Order","S01-0911451-0989259","Axe-F-R-L","Grumpy Bear 15"" Survival Axe Camping Hatchet – Forged High Carbon Steel Hatchet with Spike Tail for Breaking Doors, Glass & Ice, Leather Handle & Lanyard, Ideal for Bushcraft & Outdoor Adventures","1","sim1.stores.amazon.com","Standard Orders","Amazon","BREMERTON","WA","98311","","0","0","0","0","0","0","0","0","0","0","0","0","-11.75","0","0","-11.75"
"Oct 29, 2025 7:15:34 AM PDT","24769914181","Order","S01-3589871-0586814","Axe-F-R-L","Grumpy Bear 15"" Survival Axe Camping Hatchet – Forged High Carbon Steel Hatchet with Spike Tail for Breaking Doors, Glass & Ice, Leather Handle & Lanyard, Ideal for Bushcraft & Outdoor Adventures","1","sim1.stores.amazon.com","Standard Orders","Amazon","PITTSBURGH","PA","15237","","0","0","0","0","0","0","0","0","0","0","0","0","-11.75","0","0","-11.75"
"Oct 29, 2025 8:50:38 AM PDT","24769914181","Order","114-4420422-5017032","C-axe-02","Full Tang Survival Camping Axe with Wood Ergonomic Handle and Nylon Sheath Sheath - High Carbon Stainless Steel, Multi-Tool for Outdoor, Hunting, Emer","1","amazon.com","Standard Orders","Amazon","LINCOLN PARK","MI","48146","MarketplaceFacilitator","29.99","1.80","0","0","0","0","0","0","0","0","-1.80","-4.50","-6.44","0","0","19.05"
"Oct 29, 2025 10:12:01 AM PDT","24769914181","Order","S01-5643829-3371642","AXE-WS-S","Grumpy Bear 11"" Survival Axe Camping Hatchet – Forged High Carbon Steel Hatchet with Spike Tail for Breaking Doors, Glass & Ice, Leather Handle & Lanyard, Ideal for Bushcraft & Outdoor Adventures","1","sim1.stores.amazon.com","Standard Orders","Amazon","DICKSON","TN","37055","","0","0","0","0","0","0","0","0","0","0","0","0","-11.75","0","0","-11.75"
"Oct 29, 2025 1:07:38 PM PDT","24769914181","Order","S01-1278360-5930027","Axe-F-R-L","Grumpy Bear 15"" Survival Axe Camping Hatchet – Forged High Carbon Steel Hatchet with Spike Tail for Breaking Doors, Glass & Ice, Leather Handle & Lanyard, Ideal for Bushcraft & Outdoor Adventures","1","sim1.stores.amazon.com","Standard Orders","Amazon","TROY","NY","12180","","0","0","0","0","0","0","0","0","0","0","0","0","-11.75","0","0","-11.75"
"Oct 29, 2025 6:19:10 PM PDT","24769914181","Order","112-6034540-1205819","AXE-SH-L","Grumpy Bear Camping Axe 15 Inches with High Carbon Steel, Smooth Blade, Leather-Wrapped Handle, Safety Lanyard - Ideal for Wood Splitting, Hiking, Sur","2","amazon.com","Standard Orders","Amazon","Eaglerock","CA","90041","MarketplaceFacilitator","77.98","7.60","0","0","0","0","0","0","0","0","-7.60","-11.70","-12.88","0","0","53.40"
"Oct 29, 2025 8:37:59 PM PDT","24769914181","Order","112-9487570-9545032","Axe-F-R-L","Grumpy Bear 15"" Survival Axe - Forged High Carbon Steel Hatchet with Spike Tail for Breaking Doors, Glass & Ice, Leather Handle & Lanyard, Ideal for B","1","amazon.com","Standard Orders","Amazon","FRANKLINTON","LA","70438","MarketplaceFacilitator","37.04","4.01","0","0","0","0","0","0","0","0","-4.01","-5.56","-6.44","0","0","25.04"
"Oct 29, 2025 8:46:04 PM PDT","24769914181","Order","S01-6179570-6478005","AXE-SH-L","Grumpy Bear 15"" Survival Axe Camping Hatchet – Forged High Carbon Steel Hatchet with Spike Tail for Breaking Doors, Glass & Ice, Leather Handle & Lanyard, Ideal for Bushcraft & Outdoor Adventures","1","sim1.stores.amazon.com","Standard Orders","Amazon","GREENVILLE","KY","42345","","0","0","0","0","0","0","0","0","0","0","0","0","-11.75","0","0","-11.75"
"Oct 30, 2025 2:30:06 AM PDT","24769914181","Order","114-5432341-6824238","Axe-F-R-L","Grumpy Bear 15"" Survival Axe - Forged High Carbon Steel Hatchet with Spike Tail for Breaking Doors, Glass & Ice, Leather Handle & Lanyard, Ideal for B","1","amazon.com","Standard Orders","Amazon","PAWCATUCK","CT","06379","MarketplaceFacilitator","39.00","2.23","1.49","0","0","0","0","0","-5.39","0","-2.23","-5.27","-6.44","0","0","23.39"
"Oct 30, 2025 3:56:46 AM PDT","24769914181","Order","113-4652417-8577824","AXE-WS-S","Grumpy Bear Camping Axe 11 Inches with High Carbon Steel, Forged Blade, Natural Wood Handle, Safety Lanyard - for Chopping, Wood Splitting, Hiking, an","1","amazon.com","Standard Orders","Amazon","Garfield","AR","72732","MarketplaceFacilitator","33.99","3.06","0","0","0","0","0","0","0","0","-3.06","-5.10","-6.24","0","0","22.65"
"Oct 30, 2025 7:22:35 AM PDT","24769914181","Order","112-9704646-7939455","Axe-F-R-L","Grumpy Bear 15"" Survival Axe - Forged High Carbon Steel Hatchet with Spike Tail for Breaking Doors, Glass & Ice, Leather Handle & Lanyard, Ideal for B","1","amazon.com","Standard Orders","Amazon","LONDONDERRY","NH","03053","","37.04","0","0","0","0","0","0","0","0","0","0","-5.56","-6.44","0","0","25.04"
"Oct 30, 2025 8:00:27 AM PDT","24769914181","Order","S01-8690265-5491614","AXE-SH-S","Grumpy Bear 11"" Survival Axe Camping Hatchet – Forged High Carbon Steel Hatchet with Spike Tail for Breaking Doors, Glass & Ice, Leather Handle & Lanyard, Ideal for Bushcraft & Outdoor Adventures","1","sim1.stores.amazon.com","Standard Orders","Amazon","MOUNT STORM","WV","26739","","0","0","0","0","0","0","0","0","0","0","0","0","-11.75","0","0","-11.75"
"Oct 30, 2025 8:15:38 AM PDT","24769914181","Order","111-7552502-8730637","Axe-F-R-L","Grumpy Bear 15"" Survival Axe - Forged High Carbon Steel Hatchet with Spike Tail for Breaking Doors, Glass & Ice, Leather Handle & Lanyard, Ideal for B","1","amazon.com","Standard Orders","Amazon","BOTHELL","WA","98012","MarketplaceFacilitator","37.04","3.89","0","0","0","0","0","0","0","0","-3.89","-5.56","-6.44","0","0","25.04"
"Oct 30, 2025 8:37:15 AM PDT","24769914181","Order","112-6445566-6606664","AXE-GBWS-L","Grumpy Bear Camping Axe 15 Inches with High Carbon Steel, Forged Blade, Natural Wood Handle, Safety Lanyard - for Chopping, Wood Splitting, Hiking, an","1","amazon.com","Standard Orders","Amazon","PLEASANT LAKE","IN","46779","MarketplaceFacilitator","39.99","0","0","0","0","0","0","0","-39.99","0","0","-0.30","-6.44","0","0","-6.74"
"Oct 30, 2025 9:56:38 AM PDT","24769914181","Order","S01-3487717-0805250","Axe-F-R-L","Grumpy Bear 15"" Survival Axe Camping Hatchet – Forged High Carbon Steel Hatchet with Spike Tail for Breaking Doors, Glass & Ice, Leather Handle & Lanyard, Ideal for Bushcraft & Outdoor Adventures","1","sim1.stores.amazon.com","Standard Orders","Amazon","PENDLETON","OR","97801","","0","0","0","0","0","0","0","0","0","0","0","0","-11.75","0","0","-11.75"
"Oct 30, 2025 2:40:29 PM PDT","24769914181","Order","S01-5937690-7922013","Axe-F-R-L","Grumpy Bear 15"" Survival Axe Camping Hatchet – Forged High Carbon Steel Hatchet with Spike Tail for Breaking Doors, Glass & Ice, Leather Handle & Lanyard, Ideal for Bushcraft & Outdoor Adventures","1","sim1.stores.amazon.com","Standard Orders","Amazon","Kissimmee","FL","34759","","0","0","0","0","0","0","0","0","0","0","0","0","-11.75","0","0","-11.75"
"Oct 30, 2025 3:37:39 PM PDT","24769914181","Order","S01-0160806-4890813","Axe-F-R-L","Grumpy Bear 15"" Survival Axe Camping Hatchet – Forged High Carbon Steel Hatchet with Spike Tail for Breaking Doors, Glass & Ice, Leather Handle & Lanyard, Ideal for Bushcraft & Outdoor Adventures","1","sim1.stores.amazon.com","Standard Orders","Amazon","MECHANICSBURG","PA","17055","","0","0","0","0","0","0","0","0","0","0","0","0","-11.75","0","0","-11.75"
"Oct 30, 2025 5:12:08 PM PDT","24769914181","Refund","112-5874480-0819449","Axe-F-R-L","Grumpy Bear 15"" Survival Axe - Forged High Carbon Steel Hatchet with Spike Tail for Breaking Doors, Glass & Ice, Leather Handle & Lanyard, Ideal for B","1","amazon.com","Standard Orders","Amazon","ZANESVILLE","OH","43701","MarketplaceFacilitator","-46.99","-3.41","0","0","0","0","0","0","0","0","3.41","5.64","0","0","0","-41.35"
"Oct 30, 2025 5:31:04 PM PDT","24769914181","Order","S01-0425806-2132445","AXE-SH-L","Grumpy Bear 15"" Survival Axe Camping Hatchet – Forged High Carbon Steel Hatchet with Spike Tail for Breaking Doors, Glass & Ice, Leather Handle & Lanyard, Ideal for Bushcraft & Outdoor Adventures","1","sim1.stores.amazon.com","Standard Orders","Amazon","FRANKLINVILLE","NC","27248","","0","0","0","0","0","0","0","0","0","0","0","0","-11.75","0","0","-11.75"
"Oct 30, 2025 5:55:11 PM PDT","24769914181","Order","S01-5421786-1625245","Axe-F-R-L","Grumpy Bear 15"" Survival Axe Camping Hatchet – Forged High Carbon Steel Hatchet with Spike Tail for Breaking Doors, Glass & Ice, Leather Handle & Lanyard, Ideal for Bushcraft & Outdoor Adventures","1","sim1.stores.amazon.com","Standard Orders","Amazon","SANTA CRUZ","CA","95062","","0","0","0","0","0","0","0","0","0","0","0","0","-11.75","0","0","-11.75"
"Oct 31, 2025 4:37:49 AM PDT","24769914181","Order","111-4343512-6357001","AXE-SH-S","Grumpy Bear Camping Axe 11 Inches with High Carbon Steel, Smooth Blade, Leather-Wrapped Handle, Safety Lanyard - Ideal for Wood Splitting, Hiking, Sur","1","amazon.com","Standard Orders","Amazon","SEBRING","FL","33870","MarketplaceFacilitator","37.34","2.80","0","0","0","0","0","0","0","0","-2.80","-5.60","-6.24","0","0","25.50"
"Oct 31, 2025 4:58:59 AM PDT","24769914181","Order","113-3778040-8878616","AXE-SH-L","Grumpy Bear Camping Axe 15 Inches with High Carbon Steel, Smooth Blade, Leather-Wrapped Handle, Safety Lanyard - Ideal for Wood Splitting, Hiking, Sur","1","amazon.com","Standard Orders","Amazon","BRITTON","MI","49229","MarketplaceFacilitator","39.00","2.34","0","0","0","0","0","0","0","0","-2.34","-5.85","-6.44","0","0","26.71"
"Oct 31, 2025 5:41:50 AM PDT","24769914181","Order","112-5874480-0819449","Axe-F-R-L","Grumpy Bear 15"" Survival Axe - Forged High Carbon Steel Hatchet with Spike Tail for Breaking Doors, Glass & Ice, Leather Handle & Lanyard, Ideal for B","1","amazon.com","Standard Orders","Amazon","ZANESVILLE","OH","43701","MarketplaceFacilitator","46.99","3.41","0","0","0","0","0","0","0","0","-3.41","-7.05","-6.44","0","0","33.50"
"Oct 31, 2025 8:45:44 AM PDT","24769914181","Order","S01-1432424-9528419","AXE-WS-L","Grumpy Bear 15"" Survival Axe Camping Hatchet – Forged High Carbon Steel Hatchet with Spike Tail for Breaking Doors, Glass & Ice, Leather Handle & Lanyard, Ideal for Bushcraft & Outdoor Adventures","1","sim1.stores.amazon.com","Standard Orders","Amazon","ELGIN","TX","78621","","0","0","0","0","0","0","0","0","0","0","0","0","-11.75","0","0","-11.75"
"Oct 31, 2025 9:13:35 AM PDT","24769914181","Service Fee","FBA19092WY7K","","FBA Inbound Placement Service Fee","","Amazon.com","Standard Orders","","","","","","0","0","0","0","0","0","0","0","0","0","0","0","0","0","0","0"
"Oct 31, 2025 1:22:08 PM PDT","24769914181","Order","S01-0577849-5313268","Axe-F-R-L","Grumpy Bear 15"" Survival Axe Camping Hatchet – Forged High Carbon Steel Hatchet with Spike Tail for Breaking Doors, Glass & Ice, Leather Handle & Lanyard, Ideal for Bushcraft & Outdoor Adventures","1","sim1.stores.amazon.com","Standard Orders","Amazon","EAST HAVEN","VT","05837","","0","0","0","0","0","0","0","0","0","0","0","0","-11.75","0","0","-11.75"
"Oct 31, 2025 5:06:29 PM PDT","24769914181","Order","114-7243376-2657066","GB-CA-02-TIGER","Grumpy Bear Camping Hatchet with Tiger Carving, Full Tang Outdoor Axe with Decorative Handle, Durable Forged Blade for Hiking, Bushcraft, and Survival","1","amazon.com","Standard Orders","Amazon","PORTLAND","OR","97223","","29.99","0","0","0","0","0","0","0","0","0","0","-4.50","0","0","0","25.49"
"Oct 31, 2025 7:03:41 PM PDT","24769914181","Order","114-5039036-9616252","Axe-F-R-L","Grumpy Bear 15"" Survival Axe - Forged High Carbon Steel Hatchet with Spike Tail for Breaking Doors, Glass & Ice, Leather Handle & Lanyard, Ideal for B","1","amazon.com","Standard Orders","Amazon","DEFIANCE","MO","63341","MarketplaceFacilitator","39.00","2.32","0","0","0","0","0","0","0","0","-2.32","-5.85","-6.44","0","0","26.71"
"Oct 31, 2025 9:11:22 PM PDT","24769914181","Order_Retrocharge","114-0681034-0980226","","retrocharge for orderid 114-0681034-0980226","","Amazon.com","Standard Orders","","","","","","0","1.92","0","0","0","0","0","0","0","0","-1.92","0","0","0","0","0"
